-1.450000E-03,+80.402009E-03,+1.066551531E+00
-1.448550E-03,+40.201005E-03,+1.076601782E+00
-1.447100E-03,+80.402009E-03,+1.066551531E+00
-1.445650E-03,+80.402009E-03,+1.066551531E+00
-1.444200E-03,+0.0E+00,+1.066551531E+00
-1.442750E-03,+0.0E+00,+1.066551531E+00
-1.441300E-03,+0.0E+00,+1.066551531E+00
-1.439850E-03,+0.0E+00,+1.066551531E+00
-1.438400E-03,+0.0E+00,+1.066551531E+00
-1.436950E-03,+3.376884386E+00,+1.076601782E+00
-1.435500E-03,+0.0E+00,+1.066551531E+00
-1.434050E-03,+0.0E+00,+1.066551531E+00
-1.432600E-03,+0.0E+00,+1.066551531E+00
-1.431150E-03,+0.0E+00,+1.066551531E+00
-1.429700E-03,+0.0E+00,+1.066551531E+00
-1.428250E-03,+0.0E+00,+1.066551531E+00
-1.426800E-03,+0.0E+00,+1.066551531E+00
-1.425350E-03,+40.201005E-03,+1.066551531E+00
-1.423900E-03,+0.0E+00,+1.066551531E+00
-1.422450E-03,+0.0E+00,+1.066551531E+00
-1.421000E-03,+0.0E+00,+1.046451028E+00
-1.419550E-03,+0.0E+00,+1.046451028E+00
-1.418100E-03,+0.0E+00,+1.046451028E+00
-1.416650E-03,+0.0E+00,+1.056501280E+00
-1.415200E-03,+0.0E+00,+1.046451028E+00
-1.413750E-03,+0.0E+00,+1.046451028E+00
-1.412300E-03,+80.402009E-03,+1.046451028E+00
-1.410850E-03,+0.0E+00,+1.056501280E+00
-1.409400E-03,+0.0E+00,+1.046451028E+00
-1.407950E-03,+40.201005E-03,+1.056501280E+00
-1.406500E-03,+0.0E+00,+1.046451028E+00
-1.405050E-03,+40.201005E-03,+1.046451028E+00
-1.403600E-03,+0.0E+00,+1.046451028E+00
-1.402150E-03,+0.0E+00,+1.046451028E+00
-1.400700E-03,+80.402009E-03,+1.046451028E+00
-1.399250E-03,+0.0E+00,+1.036400777E+00
-1.397800E-03,+80.402009E-03,+1.046451028E+00
-1.396350E-03,+0.0E+00,+1.046451028E+00
-1.394900E-03,+3.376884386E+00,+1.046451028E+00
-1.393450E-03,+0.0E+00,+1.036400777E+00
-1.392000E-03,+0.0E+00,+1.026350526E+00
-1.390550E-03,+40.201005E-03,+1.036400777E+00
-1.389100E-03,+0.0E+00,+1.046451028E+00
-1.387650E-03,+40.201005E-03,+1.026350526E+00
-1.386200E-03,+0.0E+00,+1.026350526E+00
-1.384750E-03,+40.201005E-03,+1.026350526E+00
-1.383300E-03,+0.0E+00,+1.026350526E+00
-1.381850E-03,+0.0E+00,+1.036400777E+00
-1.380400E-03,+80.402009E-03,+1.026350526E+00
-1.378950E-03,+40.201005E-03,+1.026350526E+00
-1.377500E-03,+0.0E+00,+1.046451028E+00
-1.376050E-03,+0.0E+00,+1.026350526E+00
-1.374600E-03,+0.0E+00,+1.026350526E+00
-1.373150E-03,+0.0E+00,+1.026350526E+00
-1.371700E-03,+80.402009E-03,+1.026350526E+00
-1.370250E-03,+40.201005E-03,+1.016300275E+00
-1.368800E-03,+0.0E+00,+1.026350526E+00
-1.367350E-03,+40.201005E-03,+1.016300275E+00
-1.365900E-03,+0.0E+00,+1.006250024E+00
-1.364450E-03,+0.0E+00,+1.006250024E+00
-1.363000E-03,+80.402009E-03,+1.006250024E+00
-1.361550E-03,+0.0E+00,+1.016300275E+00
-1.360100E-03,+0.0E+00,+1.026350526E+00
-1.358650E-03,+40.201005E-03,+1.016300275E+00
-1.357200E-03,+0.0E+00,+1.006250024E+00
-1.355750E-03,+40.201005E-03,+1.016300275E+00
-1.354300E-03,+4.502512515E+00,+986.149522E-03
-1.352850E-03,+3.336683381E+00,+1.006250024E+00
-1.351400E-03,+0.0E+00,+1.006250024E+00
-1.349950E-03,+0.0E+00,+1.006250024E+00
-1.348500E-03,+0.0E+00,+1.006250024E+00
-1.347050E-03,+0.0E+00,+1.006250024E+00
-1.345600E-03,+0.0E+00,+1.006250024E+00
-1.344150E-03,+0.0E+00,+1.006250024E+00
-1.342700E-03,+0.0E+00,+1.006250024E+00
-1.341250E-03,+0.0E+00,+1.006250024E+00
-1.339800E-03,+0.0E+00,+1.006250024E+00
-1.338350E-03,+40.201005E-03,+1.006250024E+00
-1.336900E-03,+0.0E+00,+1.006250024E+00
-1.335450E-03,+0.0E+00,+1.006250024E+00
-1.334000E-03,+0.0E+00,+1.006250024E+00
-1.332550E-03,+0.0E+00,+986.149522E-03
-1.331100E-03,+0.0E+00,+966.049019E-03
-1.329650E-03,+40.201005E-03,+986.149522E-03
-1.328200E-03,+0.0E+00,+1.006250024E+00
-1.326750E-03,+0.0E+00,+986.149522E-03
-1.325300E-03,+80.402009E-03,+1.006250024E+00
-1.323850E-03,+40.201005E-03,+986.149522E-03
-1.322400E-03,+0.0E+00,+1.006250024E+00
-1.320950E-03,+0.0E+00,+986.149522E-03
-1.319500E-03,+0.0E+00,+986.149522E-03
-1.318050E-03,+0.0E+00,+996.199773E-03
-1.316600E-03,+0.0E+00,+986.149522E-03
-1.315150E-03,+40.201005E-03,+986.149522E-03
-1.313700E-03,+0.0E+00,+986.149522E-03
-1.312250E-03,+3.336683381E+00,+986.149522E-03
-1.310800E-03,+3.376884386E+00,+966.049019E-03
-1.309350E-03,+3.376884386E+00,+986.149522E-03
-1.307900E-03,+0.0E+00,+986.149522E-03
-1.306450E-03,+0.0E+00,+986.149522E-03
-1.305000E-03,+0.0E+00,+986.149522E-03
-1.303550E-03,+40.201005E-03,+986.149522E-03
-1.302100E-03,+0.0E+00,+986.149522E-03
-1.300650E-03,+0.0E+00,+986.149522E-03
-1.299200E-03,+0.0E+00,+966.049019E-03
-1.297750E-03,+0.0E+00,+966.049019E-03
-1.296300E-03,+0.0E+00,+986.149522E-03
-1.294850E-03,+40.201005E-03,+966.049019E-03
-1.293400E-03,+0.0E+00,+966.049019E-03
-1.291950E-03,+0.0E+00,+976.099270E-03
-1.290500E-03,+0.0E+00,+966.049019E-03
-1.289050E-03,+0.0E+00,+976.099270E-03
-1.287600E-03,+80.402009E-03,+966.049019E-03
-1.286150E-03,+40.201005E-03,+966.049019E-03
-1.284700E-03,+0.0E+00,+966.049019E-03
-1.283250E-03,+0.0E+00,+966.049019E-03
-1.281800E-03,+0.0E+00,+966.049019E-03
-1.280350E-03,+40.201005E-03,+966.049019E-03
-1.278900E-03,+0.0E+00,+966.049019E-03
-1.277450E-03,+40.201005E-03,+955.998768E-03
-1.276000E-03,+0.0E+00,+966.049019E-03
-1.274550E-03,+0.0E+00,+966.049019E-03
-1.273100E-03,+0.0E+00,+945.948517E-03
-1.271650E-03,+0.0E+00,+966.049019E-03
-1.270200E-03,+3.376884386E+00,+945.948517E-03
-1.268750E-03,+3.376884386E+00,+966.049019E-03
-1.267300E-03,+3.376884386E+00,+966.049019E-03
-1.265850E-03,+40.201005E-03,+966.049019E-03
-1.264400E-03,+0.0E+00,+966.049019E-03
-1.262950E-03,+40.201005E-03,+966.049019E-03
-1.261500E-03,+0.0E+00,+966.049019E-03
-1.260050E-03,+0.0E+00,+966.049019E-03
-1.258600E-03,+80.402009E-03,+966.049019E-03
-1.257150E-03,+0.0E+00,+955.998768E-03
-1.255700E-03,+80.402009E-03,+966.049019E-03
-1.254250E-03,+0.0E+00,+955.998768E-03
-1.252800E-03,+0.0E+00,+966.049019E-03
-1.251350E-03,+0.0E+00,+945.948517E-03
-1.249900E-03,+0.0E+00,+966.049019E-03
-1.248450E-03,+0.0E+00,+945.948517E-03
-1.247000E-03,+0.0E+00,+945.948517E-03
-1.245550E-03,+0.0E+00,+945.948517E-03
-1.244100E-03,+0.0E+00,+945.948517E-03
-1.242650E-03,+0.0E+00,+945.948517E-03
-1.241200E-03,+80.402009E-03,+945.948517E-03
-1.239750E-03,+0.0E+00,+945.948517E-03
-1.238300E-03,+0.0E+00,+945.948517E-03
-1.236850E-03,+0.0E+00,+945.948517E-03
-1.235400E-03,+0.0E+00,+945.948517E-03
-1.233950E-03,+0.0E+00,+945.948517E-03
-1.232500E-03,+0.0E+00,+945.948517E-03
-1.231050E-03,+0.0E+00,+945.948517E-03
-1.229600E-03,+0.0E+00,+945.948517E-03
-1.228150E-03,+3.376884386E+00,+945.948517E-03
-1.226700E-03,+3.376884386E+00,+945.948517E-03
-1.225250E-03,+3.376884386E+00,+945.948517E-03
-1.223800E-03,+80.402009E-03,+945.948517E-03
-1.222350E-03,+0.0E+00,+945.948517E-03
-1.220900E-03,+80.402009E-03,+945.948517E-03
-1.219450E-03,+40.201005E-03,+945.948517E-03
-1.218000E-03,+0.0E+00,+945.948517E-03
-1.216550E-03,+40.201005E-03,+955.998768E-03
-1.215100E-03,+0.0E+00,+945.948517E-03
-1.213650E-03,+0.0E+00,+925.848015E-03
-1.212200E-03,+0.0E+00,+945.948517E-03
-1.210750E-03,+0.0E+00,+935.898266E-03
-1.209300E-03,+0.0E+00,+925.848015E-03
-1.207850E-03,+0.0E+00,+945.948517E-03
-1.206400E-03,+0.0E+00,+945.948517E-03
-1.204950E-03,+0.0E+00,+925.848015E-03
-1.203500E-03,+0.0E+00,+925.848015E-03
-1.202050E-03,+0.0E+00,+925.848015E-03
-1.200600E-03,+0.0E+00,+925.848015E-03
-1.199150E-03,+0.0E+00,+925.848015E-03
-1.197700E-03,+0.0E+00,+925.848015E-03
-1.196250E-03,+0.0E+00,+935.898266E-03
-1.194800E-03,+0.0E+00,+945.948517E-03
-1.193350E-03,+0.0E+00,+925.848015E-03
-1.191900E-03,+0.0E+00,+925.848015E-03
-1.190450E-03,+0.0E+00,+915.797764E-03
-1.189000E-03,+80.402009E-03,+925.848015E-03
-1.187550E-03,+0.0E+00,+915.797764E-03
-1.186100E-03,+3.376884386E+00,+925.848015E-03
-1.184650E-03,+3.417085391E+00,+915.797764E-03
-1.183200E-03,+3.376884386E+00,+945.948517E-03
-1.181750E-03,+3.376884386E+00,+925.848015E-03
-1.180300E-03,+0.0E+00,+945.948517E-03
-1.178850E-03,+40.201005E-03,+925.848015E-03
-1.177400E-03,+80.402009E-03,+925.848015E-03
-1.175950E-03,+0.0E+00,+925.848015E-03
-1.174500E-03,+0.0E+00,+925.848015E-03
-1.173050E-03,+0.0E+00,+925.848015E-03
-1.171600E-03,+0.0E+00,+925.848015E-03
-1.170150E-03,+40.201005E-03,+915.797764E-03
-1.168700E-03,+0.0E+00,+925.848015E-03
-1.167250E-03,+0.0E+00,+925.848015E-03
-1.165800E-03,+0.0E+00,+925.848015E-03
-1.164350E-03,+40.201005E-03,+925.848015E-03
-1.162900E-03,+0.0E+00,+925.848015E-03
-1.161450E-03,+0.0E+00,+915.797764E-03
-1.160000E-03,+0.0E+00,+905.747512E-03
-1.158550E-03,+0.0E+00,+905.747512E-03
-1.157100E-03,-0.0E+00,+905.747512E-03
-1.155650E-03,+40.201005E-03,+915.797764E-03
-1.154200E-03,+0.0E+00,+925.848015E-03
-1.152750E-03,+0.0E+00,+905.747512E-03
-1.151300E-03,+0.0E+00,+905.747512E-03
-1.149850E-03,+40.201005E-03,+905.747512E-03
-1.148400E-03,+80.402009E-03,+905.747512E-03
-1.146950E-03,+0.0E+00,+905.747512E-03
-1.145500E-03,+0.0E+00,+905.747512E-03
-1.144050E-03,+3.376884386E+00,+905.747512E-03
-1.142600E-03,+3.376884386E+00,+905.747512E-03
-1.141150E-03,+3.417085391E+00,+925.848015E-03
-1.139700E-03,+3.376884386E+00,+925.848015E-03
-1.138250E-03,-80.402009E-03,+905.747512E-03
-1.136800E-03,+0.0E+00,+925.848015E-03
-1.135350E-03,+40.201005E-03,+905.747512E-03
-1.133900E-03,+0.0E+00,+925.848015E-03
-1.132450E-03,+40.201005E-03,+905.747512E-03
-1.131000E-03,+0.0E+00,+905.747512E-03
-1.129550E-03,+0.0E+00,+905.747512E-03
-1.128100E-03,+0.0E+00,+905.747512E-03
-1.126650E-03,+40.201005E-03,+905.747512E-03
-1.125200E-03,+0.0E+00,+885.647010E-03
-1.123750E-03,+0.0E+00,+905.747512E-03
-1.122300E-03,+80.402009E-03,+925.848015E-03
-1.120850E-03,+0.0E+00,+905.747512E-03
-1.119400E-03,+0.0E+00,+905.747512E-03
-1.117950E-03,+0.0E+00,+905.747512E-03
-1.116500E-03,+0.0E+00,+905.747512E-03
-1.115050E-03,+0.0E+00,+895.697261E-03
-1.113600E-03,+0.0E+00,+905.747512E-03
-1.112150E-03,+40.201005E-03,+895.697261E-03
-1.110700E-03,+0.0E+00,+905.747512E-03
-1.109250E-03,+40.201005E-03,+885.647010E-03
-1.107800E-03,+0.0E+00,+905.747512E-03
-1.106350E-03,+0.0E+00,+895.697261E-03
-1.104900E-03,+0.0E+00,+885.647010E-03
-1.103450E-03,+0.0E+00,+895.697261E-03
-1.102000E-03,+3.457286395E+00,+885.647010E-03
-1.100550E-03,+3.376884386E+00,+905.747512E-03
-1.099100E-03,+3.457286395E+00,+905.747512E-03
-1.097650E-03,+3.376884386E+00,+905.747512E-03
-1.096200E-03,+3.376884386E+00,+905.747512E-03
-1.094750E-03,+80.402009E-03,+905.747512E-03
-1.093300E-03,+0.0E+00,+905.747512E-03
-1.091850E-03,+40.201005E-03,+905.747512E-03
-1.090400E-03,+0.0E+00,+905.747512E-03
-1.088950E-03,+40.201005E-03,+905.747512E-03
-1.087500E-03,+0.0E+00,+905.747512E-03
-1.086050E-03,+0.0E+00,+905.747512E-03
-1.084600E-03,+0.0E+00,+885.647010E-03
-1.083150E-03,+0.0E+00,+905.747512E-03
-1.081700E-03,+0.0E+00,+885.647010E-03
-1.080250E-03,+0.0E+00,+895.697261E-03
-1.078800E-03,+0.0E+00,+905.747512E-03
-1.077350E-03,+80.402009E-03,+895.697261E-03
-1.075900E-03,+80.402009E-03,+905.747512E-03
-1.074450E-03,+40.201005E-03,+885.647010E-03
-1.073000E-03,+0.0E+00,+885.647010E-03
-1.071550E-03,+0.0E+00,+885.647010E-03
-1.070100E-03,+80.402009E-03,+905.747512E-03
-1.068650E-03,+40.201005E-03,+885.647010E-03
-1.067200E-03,+0.0E+00,+885.647010E-03
-1.065750E-03,+80.402009E-03,+885.647010E-03
-1.064300E-03,+0.0E+00,+885.647010E-03
-1.062850E-03,+0.0E+00,+885.647010E-03
-1.061400E-03,+3.939698450E+00,+825.345503E-03
-1.059950E-03,+3.376884386E+00,+885.647010E-03
-1.058500E-03,+3.457286395E+00,+885.647010E-03
-1.057050E-03,+3.417085391E+00,+885.647010E-03
-1.055600E-03,+3.376884386E+00,+885.647010E-03
-1.054150E-03,+3.376884386E+00,+895.697261E-03
-1.052700E-03,+80.402009E-03,+905.747512E-03
-1.051250E-03,+0.0E+00,+895.697261E-03
-1.049800E-03,+0.0E+00,+905.747512E-03
-1.048350E-03,+0.0E+00,+895.697261E-03
-1.046900E-03,+80.402009E-03,+885.647010E-03
-1.045450E-03,+0.0E+00,+895.697261E-03
-1.044000E-03,+0.0E+00,+905.747512E-03
-1.042550E-03,+0.0E+00,+895.697261E-03
-1.041100E-03,+0.0E+00,+905.747512E-03
-1.039650E-03,+0.0E+00,+885.647010E-03
-1.038200E-03,+0.0E+00,+885.647010E-03
-1.036750E-03,+80.402009E-03,+885.647010E-03
-1.035300E-03,+80.402009E-03,+885.647010E-03
-1.033850E-03,+0.0E+00,+885.647010E-03
-1.032400E-03,+0.0E+00,+885.647010E-03
-1.030950E-03,+40.201005E-03,+875.596759E-03
-1.029500E-03,+0.0E+00,+885.647010E-03
-1.028050E-03,+40.201005E-03,+875.596759E-03
-1.026600E-03,+80.402009E-03,+885.647010E-03
-1.025150E-03,+40.201005E-03,+875.596759E-03
-1.023700E-03,+0.0E+00,+865.546508E-03
-1.022250E-03,+40.201005E-03,+885.647010E-03
-1.020800E-03,+0.0E+00,+865.546508E-03
-1.019350E-03,+3.376884386E+00,+875.596759E-03
-1.017900E-03,+3.376884386E+00,+885.647010E-03
-1.016450E-03,+3.376884386E+00,+885.647010E-03
-1.015000E-03,+3.376884386E+00,+885.647010E-03
-1.013550E-03,+3.417085391E+00,+885.647010E-03
-1.012100E-03,+3.376884386E+00,+905.747512E-03
-1.010650E-03,+3.376884386E+00,+895.697261E-03
-1.009200E-03,+0.0E+00,+905.747512E-03
-1.007750E-03,+0.0E+00,+895.697261E-03
-1.006300E-03,+80.402009E-03,+885.647010E-03
-1.004850E-03,+40.201005E-03,+885.647010E-03
-1.003400E-03,+0.0E+00,+905.747512E-03
-1.001950E-03,+40.201005E-03,+885.647010E-03
-1.000500E-03,+0.0E+00,+885.647010E-03
-999.050E-06,+0.0E+00,+885.647010E-03
-997.600E-06,+0.0E+00,+885.647010E-03
-996.150E-06,+40.201005E-03,+895.697261E-03
-994.700E-06,+0.0E+00,+885.647010E-03
-993.250E-06,+0.0E+00,+885.647010E-03
-991.800E-06,+0.0E+00,+885.647010E-03
-990.350E-06,+0.0E+00,+885.647010E-03
-988.900E-06,+0.0E+00,+885.647010E-03
-987.450E-06,+0.0E+00,+885.647010E-03
-986.000E-06,+80.402009E-03,+865.546508E-03
-984.550E-06,+0.0E+00,+875.596759E-03
-983.100E-06,+0.0E+00,+885.647010E-03
-981.650E-06,+40.201005E-03,+885.647010E-03
-980.200E-06,+0.0E+00,+865.546508E-03
-978.750E-06,+40.201005E-03,+875.596759E-03
-977.300E-06,+3.376884386E+00,+865.546508E-03
-975.850E-06,+3.417085391E+00,+885.647010E-03
-974.400E-06,+3.296482377E+00,+885.647010E-03
-972.950E-06,+3.417085391E+00,+885.647010E-03
-971.500E-06,+3.376884386E+00,+905.747512E-03
-970.050E-06,+3.417085391E+00,+885.647010E-03
-968.600E-06,+3.457286395E+00,+885.647010E-03
-967.150E-06,+1.246231142E+00,+955.998768E-03
-965.700E-06,+80.402009E-03,+905.747512E-03
-964.250E-06,+40.201005E-03,+895.697261E-03
-962.800E-06,+0.0E+00,+885.647010E-03
-961.350E-06,+0.0E+00,+885.647010E-03
-959.900E-06,+0.0E+00,+885.647010E-03
-958.450E-06,+0.0E+00,+895.697261E-03
-957.000E-06,+0.0E+00,+885.647010E-03
-955.550E-06,+40.201005E-03,+885.647010E-03
-954.100E-06,+80.402009E-03,+885.647010E-03
-952.650E-06,+40.201005E-03,+885.647010E-03
-951.200E-06,+0.0E+00,+885.647010E-03
-949.750E-06,+0.0E+00,+885.647010E-03
-948.300E-06,+80.402009E-03,+885.647010E-03
-946.850E-06,+0.0E+00,+885.647010E-03
-945.400E-06,+80.402009E-03,+865.546508E-03
-943.950E-06,+0.0E+00,+885.647010E-03
-942.500E-06,+0.0E+00,+885.647010E-03
-941.050E-06,+0.0E+00,+875.596759E-03
-939.600E-06,+0.0E+00,+865.546508E-03
-938.150E-06,+0.0E+00,+865.546508E-03
-936.700E-06,+0.0E+00,+885.647010E-03
-935.250E-06,+3.376884386E+00,+885.647010E-03
-933.800E-06,+3.376884386E+00,+885.647010E-03
-932.350E-06,+3.376884386E+00,+875.596759E-03
-930.900E-06,+3.376884386E+00,+885.647010E-03
-929.450E-06,+3.376884386E+00,+875.596759E-03
-928.000E-06,+3.457286395E+00,+885.647010E-03
-926.550E-06,+3.376884386E+00,+885.647010E-03
-925.100E-06,+3.376884386E+00,+905.747512E-03
-923.650E-06,+0.0E+00,+895.697261E-03
-922.200E-06,+80.402009E-03,+885.647010E-03
-920.750E-06,+0.0E+00,+905.747512E-03
-919.300E-06,+0.0E+00,+885.647010E-03
-917.850E-06,+40.201005E-03,+895.697261E-03
-916.400E-06,+0.0E+00,+885.647010E-03
-914.950E-06,+40.201005E-03,+895.697261E-03
-913.500E-06,+0.0E+00,+885.647010E-03
-912.050E-06,+0.0E+00,+885.647010E-03
-910.600E-06,+0.0E+00,+885.647010E-03
-909.150E-06,+0.0E+00,+885.647010E-03
-907.700E-06,+80.402009E-03,+885.647010E-03
-906.250E-06,+40.201005E-03,+885.647010E-03
-904.800E-06,+0.0E+00,+885.647010E-03
-903.350E-06,+0.0E+00,+885.647010E-03
-901.900E-06,+0.0E+00,+885.647010E-03
-900.450E-06,+0.0E+00,+885.647010E-03
-899.000E-06,+80.402009E-03,+885.647010E-03
-897.550E-06,+0.0E+00,+875.596759E-03
-896.100E-06,+0.0E+00,+865.546508E-03
-894.650E-06,+1.648241189E+00,+875.596759E-03
-893.200E-06,+3.376884386E+00,+885.647010E-03
-891.750E-06,+3.417085391E+00,+885.647010E-03
-890.300E-06,+3.376884386E+00,+905.747512E-03
-888.850E-06,+3.457286395E+00,+885.647010E-03
-887.400E-06,+3.376884386E+00,+885.647010E-03
-885.950E-06,+3.417085391E+00,+895.697261E-03
-884.500E-06,+3.457286395E+00,+905.747512E-03
-883.050E-06,+3.376884386E+00,+905.747512E-03
-881.600E-06,+3.376884386E+00,+905.747512E-03
-880.150E-06,+0.0E+00,+905.747512E-03
-878.700E-06,+80.402009E-03,+885.647010E-03
-877.250E-06,+0.0E+00,+905.747512E-03
-875.800E-06,+0.0E+00,+885.647010E-03
-874.350E-06,+0.0E+00,+895.697261E-03
-872.900E-06,+0.0E+00,+905.747512E-03
-871.450E-06,+0.0E+00,+895.697261E-03
-870.000E-06,+0.0E+00,+905.747512E-03
-868.550E-06,+0.0E+00,+885.647010E-03
-867.100E-06,+0.0E+00,+905.747512E-03
-865.650E-06,+0.0E+00,+885.647010E-03
-864.200E-06,+0.0E+00,+885.647010E-03
-862.750E-06,+80.402009E-03,+885.647010E-03
-861.300E-06,+0.0E+00,+885.647010E-03
-859.850E-06,+0.0E+00,+885.647010E-03
-858.400E-06,+0.0E+00,+885.647010E-03
-856.950E-06,+0.0E+00,+885.647010E-03
-855.500E-06,+0.0E+00,+885.647010E-03
-854.050E-06,+0.0E+00,+885.647010E-03
-852.600E-06,+3.376884386E+00,+885.647010E-03
-851.150E-06,+3.376884386E+00,+895.697261E-03
-849.700E-06,+3.457286395E+00,+885.647010E-03
-848.250E-06,+3.376884386E+00,+895.697261E-03
-846.800E-06,+3.376884386E+00,+885.647010E-03
-845.350E-06,+3.417085391E+00,+895.697261E-03
-843.900E-06,+3.376884386E+00,+885.647010E-03
-842.450E-06,+3.417085391E+00,+905.747512E-03
-841.000E-06,+3.376884386E+00,+905.747512E-03
-839.550E-06,+3.376884386E+00,+905.747512E-03
-838.100E-06,+0.0E+00,+905.747512E-03
-836.650E-06,+0.0E+00,+905.747512E-03
-835.200E-06,+0.0E+00,+905.747512E-03
-833.750E-06,+0.0E+00,+905.747512E-03
-832.300E-06,+0.0E+00,+905.747512E-03
-830.850E-06,+0.0E+00,+905.747512E-03
-829.400E-06,+0.0E+00,+905.747512E-03
-827.950E-06,+40.201005E-03,+905.747512E-03
-826.500E-06,+0.0E+00,+905.747512E-03
-825.050E-06,+0.0E+00,+905.747512E-03
-823.600E-06,+80.402009E-03,+905.747512E-03
-822.150E-06,+0.0E+00,+905.747512E-03
-820.700E-06,+0.0E+00,+905.747512E-03
-819.250E-06,+0.0E+00,+895.697261E-03
-817.800E-06,+0.0E+00,+885.647010E-03
-816.350E-06,+0.0E+00,+885.647010E-03
-814.900E-06,+0.0E+00,+885.647010E-03
-813.450E-06,+0.0E+00,+885.647010E-03
-812.000E-06,+0.0E+00,+885.647010E-03
-810.550E-06,+3.376884386E+00,+895.697261E-03
-809.100E-06,+3.376884386E+00,+885.647010E-03
-807.650E-06,+3.376884386E+00,+895.697261E-03
-806.200E-06,+3.376884386E+00,+905.747512E-03
-804.750E-06,+3.417085391E+00,+905.747512E-03
-803.300E-06,+3.376884386E+00,+905.747512E-03
-801.850E-06,+3.376884386E+00,+905.747512E-03
-800.400E-06,+3.376884386E+00,+925.848015E-03
-798.950E-06,+3.417085391E+00,+915.797764E-03
-797.500E-06,+3.376884386E+00,+905.747512E-03
-796.050E-06,+3.376884386E+00,+925.848015E-03
-794.600E-06,+0.0E+00,+925.848015E-03
-793.150E-06,+0.0E+00,+925.848015E-03
-791.700E-06,+80.402009E-03,+905.747512E-03
-790.250E-06,+0.0E+00,+915.797764E-03
-788.800E-06,+0.0E+00,+925.848015E-03
-787.350E-06,+40.201005E-03,+915.797764E-03
-785.900E-06,+80.402009E-03,+905.747512E-03
-784.450E-06,+0.0E+00,+915.797764E-03
-783.000E-06,+80.402009E-03,+925.848015E-03
-781.550E-06,+40.201005E-03,+915.797764E-03
-780.100E-06,+80.402009E-03,+905.747512E-03
-778.650E-06,+40.201005E-03,+905.747512E-03
-777.200E-06,+0.0E+00,+905.747512E-03
-775.750E-06,+80.402009E-03,+905.747512E-03
-774.300E-06,+0.0E+00,+905.747512E-03
-772.850E-06,+40.201005E-03,+905.747512E-03
-771.400E-06,+0.0E+00,+905.747512E-03
-769.950E-06,+0.0E+00,+905.747512E-03
-768.500E-06,+3.376884386E+00,+905.747512E-03
-767.050E-06,+3.376884386E+00,+915.797764E-03
-765.600E-06,+3.376884386E+00,+925.848015E-03
-764.150E-06,+3.417085391E+00,+915.797764E-03
-762.700E-06,+3.376884386E+00,+925.848015E-03
-761.250E-06,+3.376884386E+00,+925.848015E-03
-759.800E-06,+3.376884386E+00,+925.848015E-03
-758.350E-06,+3.376884386E+00,+925.848015E-03
-756.900E-06,+3.376884386E+00,+925.848015E-03
-755.450E-06,+3.417085391E+00,+925.848015E-03
-754.000E-06,+3.376884386E+00,+925.848015E-03
-752.550E-06,+201.005023E-03,+945.948517E-03
-751.100E-06,+0.0E+00,+925.848015E-03
-749.650E-06,+40.201005E-03,+925.848015E-03
-748.200E-06,+0.0E+00,+925.848015E-03
-746.750E-06,+0.0E+00,+935.898266E-03
-745.300E-06,+0.0E+00,+925.848015E-03
-743.850E-06,+0.0E+00,+925.848015E-03
-742.400E-06,+0.0E+00,+925.848015E-03
-740.950E-06,+0.0E+00,+925.848015E-03
-739.500E-06,+0.0E+00,+925.848015E-03
-738.050E-06,+40.201005E-03,+925.848015E-03
-736.600E-06,-80.402009E-03,+925.848015E-03
-735.150E-06,+0.0E+00,+925.848015E-03
-733.700E-06,+0.0E+00,+925.848015E-03
-732.250E-06,+0.0E+00,+925.848015E-03
-730.800E-06,+0.0E+00,+925.848015E-03
-729.350E-06,+40.201005E-03,+925.848015E-03
-727.900E-06,+3.376884386E+00,+925.848015E-03
-726.450E-06,+3.376884386E+00,+925.848015E-03
-725.000E-06,+3.457286395E+00,+925.848015E-03
-723.550E-06,+3.376884386E+00,+925.848015E-03
-722.100E-06,+3.457286395E+00,+925.848015E-03
-720.650E-06,+3.417085391E+00,+935.898266E-03
-719.200E-06,+3.376884386E+00,+925.848015E-03
-717.750E-06,+3.376884386E+00,+935.898266E-03
-716.300E-06,+3.376884386E+00,+945.948517E-03
-714.850E-06,+3.417085391E+00,+945.948517E-03
-713.400E-06,+3.376884386E+00,+945.948517E-03
-711.950E-06,+3.417085391E+00,+945.948517E-03
-710.500E-06,+3.376884386E+00,+945.948517E-03
-709.050E-06,+40.201005E-03,+955.998768E-03
-707.600E-06,+80.402009E-03,+945.948517E-03
-706.150E-06,+40.201005E-03,+945.948517E-03
-704.700E-06,+0.0E+00,+945.948517E-03
-703.250E-06,+0.0E+00,+955.998768E-03
-701.800E-06,+0.0E+00,+945.948517E-03
-700.350E-06,+0.0E+00,+935.898266E-03
-698.900E-06,+0.0E+00,+945.948517E-03
-697.450E-06,+40.201005E-03,+945.948517E-03
-696.000E-06,+0.0E+00,+945.948517E-03
-694.550E-06,+0.0E+00,+945.948517E-03
-693.100E-06,+80.402009E-03,+945.948517E-03
-691.650E-06,+0.0E+00,+945.948517E-03
-690.200E-06,+0.0E+00,+925.848015E-03
-688.750E-06,+80.402009E-03,+935.898266E-03
-687.300E-06,+0.0E+00,+945.948517E-03
-685.850E-06,+3.376884386E+00,+935.898266E-03
-684.400E-06,+3.457286395E+00,+925.848015E-03
-682.950E-06,+3.417085391E+00,+945.948517E-03
-681.500E-06,+3.457286395E+00,+945.948517E-03
-680.050E-06,+3.376884386E+00,+945.948517E-03
-678.600E-06,+3.376884386E+00,+945.948517E-03
-677.150E-06,+3.376884386E+00,+955.998768E-03
-675.700E-06,+3.376884386E+00,+945.948517E-03
-674.250E-06,+3.417085391E+00,+945.948517E-03
-672.800E-06,+3.457286395E+00,+966.049019E-03
-671.350E-06,+3.417085391E+00,+966.049019E-03
-669.900E-06,+3.376884386E+00,+966.049019E-03
-668.450E-06,+3.376884386E+00,+976.099270E-03
-667.000E-06,+3.457286395E+00,+966.049019E-03
-665.550E-06,+40.201005E-03,+966.049019E-03
-664.100E-06,+80.402009E-03,+966.049019E-03
-662.650E-06,+40.201005E-03,+966.049019E-03
-661.200E-06,+0.0E+00,+966.049019E-03
-659.750E-06,+0.0E+00,+966.049019E-03
-658.300E-06,+80.402009E-03,+966.049019E-03
-656.850E-06,+40.201005E-03,+966.049019E-03
-655.400E-06,+0.0E+00,+966.049019E-03
-653.950E-06,+0.0E+00,+966.049019E-03
-652.500E-06,+0.0E+00,+966.049019E-03
-651.050E-06,+40.201005E-03,+966.049019E-03
-649.600E-06,+0.0E+00,+945.948517E-03
-648.150E-06,+0.0E+00,+955.998768E-03
-646.700E-06,+0.0E+00,+945.948517E-03
-645.250E-06,+0.0E+00,+945.948517E-03
-643.800E-06,+3.376884386E+00,+945.948517E-03
-642.350E-06,+3.376884386E+00,+955.998768E-03
-640.900E-06,+3.376884386E+00,+966.049019E-03
-639.450E-06,+3.417085391E+00,+966.049019E-03
-638.000E-06,+3.376884386E+00,+966.049019E-03
-636.550E-06,+3.376884386E+00,+966.049019E-03
-635.100E-06,+3.376884386E+00,+966.049019E-03
-633.650E-06,+3.417085391E+00,+976.099270E-03
-632.200E-06,+3.376884386E+00,+986.149522E-03
-630.750E-06,+3.376884386E+00,+986.149522E-03
-629.300E-06,+3.457286395E+00,+966.049019E-03
-627.850E-06,+3.376884386E+00,+986.149522E-03
-626.400E-06,+3.376884386E+00,+986.149522E-03
-624.950E-06,+3.376884386E+00,+996.199773E-03
-623.500E-06,+0.0E+00,+1.006250024E+00
-622.050E-06,+0.0E+00,+996.199773E-03
-620.600E-06,+0.0E+00,+986.149522E-03
-619.150E-06,+0.0E+00,+996.199773E-03
-617.700E-06,+0.0E+00,+986.149522E-03
-616.250E-06,+40.201005E-03,+986.149522E-03
-614.800E-06,+0.0E+00,+986.149522E-03
-613.350E-06,+0.0E+00,+986.149522E-03
-611.900E-06,+0.0E+00,+986.149522E-03
-610.450E-06,+40.201005E-03,+966.049019E-03
-609.000E-06,+0.0E+00,+986.149522E-03
-607.550E-06,+0.0E+00,+986.149522E-03
-606.100E-06,+80.402009E-03,+986.149522E-03
-604.650E-06,+0.0E+00,+976.099270E-03
-603.200E-06,+2.974874340E+00,+1.066551531E+00
-601.750E-06,+3.376884386E+00,+976.099270E-03
-600.300E-06,+3.457286395E+00,+966.049019E-03
-598.850E-06,+3.417085391E+00,+986.149522E-03
-597.400E-06,+3.376884386E+00,+986.149522E-03
-595.950E-06,+3.457286395E+00,+1.006250024E+00
-594.500E-06,+3.376884386E+00,+986.149522E-03
-593.050E-06,+3.376884386E+00,+1.006250024E+00
-591.600E-06,+3.457286395E+00,+1.006250024E+00
-590.150E-06,+3.376884386E+00,+1.006250024E+00
-588.700E-06,+3.376884386E+00,+1.006250024E+00
-587.250E-06,+3.376884386E+00,+1.006250024E+00
-585.800E-06,+3.457286395E+00,+1.006250024E+00
-584.350E-06,+3.376884386E+00,+1.006250024E+00
-582.900E-06,+3.376884386E+00,+1.026350526E+00
-581.450E-06,+3.376884386E+00,+1.026350526E+00
-580.000E-06,+80.402009E-03,+1.026350526E+00
-578.550E-06,+40.201005E-03,+1.026350526E+00
-577.100E-06,+0.0E+00,+1.026350526E+00
-575.650E-06,+0.0E+00,+1.016300275E+00
-574.200E-06,+0.0E+00,+1.006250024E+00
-572.750E-06,+0.0E+00,+1.016300275E+00
-571.300E-06,+0.0E+00,+1.006250024E+00
-569.850E-06,+40.201005E-03,+1.006250024E+00
-568.400E-06,+0.0E+00,+1.006250024E+00
-566.950E-06,+0.0E+00,+1.006250024E+00
-565.500E-06,+0.0E+00,+1.006250024E+00
-564.050E-06,+0.0E+00,+1.006250024E+00
-562.600E-06,+0.0E+00,+1.006250024E+00
-561.150E-06,+3.376884386E+00,+1.006250024E+00
-559.700E-06,+3.376884386E+00,+1.026350526E+00
-558.250E-06,+3.376884386E+00,+1.006250024E+00
-556.800E-06,+3.376884386E+00,+1.006250024E+00
-555.350E-06,+3.376884386E+00,+1.016300275E+00
-553.900E-06,+3.376884386E+00,+1.026350526E+00
-552.450E-06,+3.376884386E+00,+1.026350526E+00
-551.000E-06,+3.376884386E+00,+1.026350526E+00
-549.550E-06,+3.376884386E+00,+1.026350526E+00
-548.100E-06,+3.457286395E+00,+1.026350526E+00
-546.650E-06,+3.376884386E+00,+1.036400777E+00
-545.200E-06,+3.457286395E+00,+1.026350526E+00
-543.750E-06,+3.376884386E+00,+1.046451028E+00
-542.300E-06,+3.376884386E+00,+1.046451028E+00
-540.850E-06,+3.376884386E+00,+1.046451028E+00
-539.400E-06,+3.376884386E+00,+1.046451028E+00
-537.950E-06,-241.206028E-03,+1.046451028E+00
-536.500E-06,+0.0E+00,+1.046451028E+00
-535.050E-06,+40.201005E-03,+1.046451028E+00
-533.600E-06,+0.0E+00,+1.046451028E+00
-532.150E-06,+80.402009E-03,+1.046451028E+00
-530.700E-06,+0.0E+00,+1.026350526E+00
-529.250E-06,+40.201005E-03,+1.046451028E+00
-527.800E-06,+0.0E+00,+1.046451028E+00
-526.350E-06,+40.201005E-03,+1.046451028E+00
-524.900E-06,+0.0E+00,+1.046451028E+00
-523.450E-06,+0.0E+00,+1.046451028E+00
-522.000E-06,+0.0E+00,+1.046451028E+00
-520.550E-06,+0.0E+00,+1.036400777E+00
-519.100E-06,+3.376884386E+00,+1.046451028E+00
-517.650E-06,+3.376884386E+00,+1.046451028E+00
-516.200E-06,+3.457286395E+00,+1.046451028E+00
-514.750E-06,+3.376884386E+00,+1.046451028E+00
-513.300E-06,+3.376884386E+00,+1.046451028E+00
-511.850E-06,+3.376884386E+00,+1.056501280E+00
-510.400E-06,+3.376884386E+00,+1.046451028E+00
-508.950E-06,+3.376884386E+00,+1.066551531E+00
-507.500E-06,+3.457286395E+00,+1.046451028E+00
-506.050E-06,+3.376884386E+00,+1.056501280E+00
-504.600E-06,+3.376884386E+00,+1.066551531E+00
-503.150E-06,+3.376884386E+00,+1.066551531E+00
-501.700E-06,+3.376884386E+00,+1.066551531E+00
-500.250E-06,+3.376884386E+00,+1.066551531E+00
-498.800E-06,+3.376884386E+00,+1.066551531E+00
-497.350E-06,+3.376884386E+00,+1.066551531E+00
-495.900E-06,+3.376884386E+00,+1.086652033E+00
-494.450E-06,+40.201005E-03,+1.076601782E+00
-493.000E-06,+0.0E+00,+1.066551531E+00
-491.550E-06,+0.0E+00,+1.066551531E+00
-490.100E-06,+0.0E+00,+1.086652033E+00
-488.650E-06,+80.402009E-03,+1.086652033E+00
-487.200E-06,+0.0E+00,+1.066551531E+00
-485.750E-06,+0.0E+00,+1.066551531E+00
-484.300E-06,+0.0E+00,+1.066551531E+00
-482.850E-06,+40.201005E-03,+1.066551531E+00
-481.400E-06,+0.0E+00,+1.066551531E+00
-479.950E-06,+0.0E+00,+1.066551531E+00
-478.500E-06,+0.0E+00,+1.066551531E+00
-477.050E-06,+3.376884386E+00,+1.066551531E+00
-475.600E-06,+3.376884386E+00,+1.066551531E+00
-474.150E-06,+3.376884386E+00,+1.086652033E+00
-472.700E-06,+3.376884386E+00,+1.066551531E+00
-471.250E-06,+3.376884386E+00,+1.076601782E+00
-469.800E-06,+3.376884386E+00,+1.086652033E+00
-468.350E-06,+3.376884386E+00,+1.086652033E+00
-466.900E-06,+3.376884386E+00,+1.086652033E+00
-465.450E-06,+3.376884386E+00,+1.086652033E+00
-464.000E-06,+3.376884386E+00,+1.106752535E+00
-462.550E-06,+3.376884386E+00,+1.086652033E+00
-461.100E-06,+3.376884386E+00,+1.086652033E+00
-459.650E-06,+3.417085391E+00,+1.106752535E+00
-458.200E-06,+3.376884386E+00,+1.106752535E+00
-456.750E-06,+3.417085391E+00,+1.106752535E+00
-455.300E-06,+3.376884386E+00,+1.126853038E+00
-453.850E-06,+3.457286395E+00,+1.106752535E+00
-452.400E-06,+3.376884386E+00,+1.126853038E+00
-450.950E-06,+0.0E+00,+1.116802786E+00
-449.500E-06,+0.0E+00,+1.126853038E+00
-448.050E-06,+40.201005E-03,+1.106752535E+00
-446.600E-06,+80.402009E-03,+1.106752535E+00
-445.150E-06,+0.0E+00,+1.106752535E+00
-443.700E-06,+0.0E+00,+1.106752535E+00
-442.250E-06,+0.0E+00,+1.106752535E+00
-440.800E-06,+0.0E+00,+1.106752535E+00
-439.350E-06,-40.201005E-03,+1.106752535E+00
-437.900E-06,+0.0E+00,+1.106752535E+00
-436.450E-06,+3.376884386E+00,+1.106752535E+00
-435.000E-06,+3.376884386E+00,+1.106752535E+00
-433.550E-06,+3.376884386E+00,+1.106752535E+00
-432.100E-06,+3.376884386E+00,+1.106752535E+00
-430.650E-06,+3.376884386E+00,+1.106752535E+00
-429.200E-06,+3.376884386E+00,+1.126853038E+00
-427.750E-06,+3.376884386E+00,+1.116802786E+00
-426.300E-06,+3.376884386E+00,+1.126853038E+00
-424.850E-06,+3.417085391E+00,+1.126853038E+00
-423.400E-06,+3.376884386E+00,+1.126853038E+00
-421.950E-06,+3.376884386E+00,+1.126853038E+00
-420.500E-06,+3.376884386E+00,+1.126853038E+00
-419.050E-06,+3.417085391E+00,+1.126853038E+00
-417.600E-06,+3.376884386E+00,+1.146953540E+00
-416.150E-06,+3.376884386E+00,+1.136903289E+00
-414.700E-06,+3.457286395E+00,+1.146953540E+00
-413.250E-06,+3.376884386E+00,+1.146953540E+00
-411.800E-06,+3.376884386E+00,+1.146953540E+00
-410.350E-06,+3.376884386E+00,+1.146953540E+00
-408.900E-06,+0.0E+00,+1.146953540E+00
-407.450E-06,+0.0E+00,+1.146953540E+00
-406.000E-06,+0.0E+00,+1.146953540E+00
-404.550E-06,+0.0E+00,+1.146953540E+00
-403.100E-06,+0.0E+00,+1.146953540E+00
-401.650E-06,+0.0E+00,+1.146953540E+00
-400.200E-06,+0.0E+00,+1.146953540E+00
-398.750E-06,+40.201005E-03,+1.146953540E+00
-397.300E-06,+0.0E+00,+1.146953540E+00
-395.850E-06,+0.0E+00,+1.136903289E+00
-394.400E-06,+3.376884386E+00,+1.146953540E+00
-392.950E-06,+3.417085391E+00,+1.136903289E+00
-391.500E-06,+3.376884386E+00,+1.146953540E+00
-390.050E-06,+3.376884386E+00,+1.146953540E+00
-388.600E-06,+3.376884386E+00,+1.167054042E+00
-387.150E-06,+3.376884386E+00,+1.146953540E+00
-385.700E-06,+3.376884386E+00,+1.167054042E+00
-384.250E-06,+3.376884386E+00,+1.157003791E+00
-382.800E-06,+3.376884386E+00,+1.146953540E+00
-381.350E-06,+3.417085391E+00,+1.157003791E+00
-379.900E-06,+3.457286395E+00,+1.167054042E+00
-378.450E-06,+3.417085391E+00,+1.187154545E+00
-377.000E-06,+3.376884386E+00,+1.167054042E+00
-375.550E-06,+3.376884386E+00,+1.177104293E+00
-374.100E-06,+3.457286395E+00,+1.187154545E+00
-372.650E-06,+3.417085391E+00,+1.187154545E+00
-371.200E-06,+3.457286395E+00,+1.187154545E+00
-369.750E-06,+3.417085391E+00,+1.187154545E+00
-368.300E-06,+3.376884386E+00,+1.187154545E+00
-366.850E-06,+3.376884386E+00,+1.187154545E+00
-365.400E-06,+80.402009E-03,+1.187154545E+00
-363.950E-06,+0.0E+00,+1.177104293E+00
-362.500E-06,+80.402009E-03,+1.187154545E+00
-361.050E-06,+0.0E+00,+1.187154545E+00
-359.600E-06,+0.0E+00,+1.187154545E+00
-358.150E-06,+0.0E+00,+1.187154545E+00
-356.700E-06,+0.0E+00,+1.187154545E+00
-355.250E-06,+0.0E+00,+1.167054042E+00
-353.800E-06,+0.0E+00,+1.167054042E+00
-352.350E-06,+3.376884386E+00,+1.177104293E+00
-350.900E-06,+3.376884386E+00,+1.187154545E+00
-349.450E-06,+3.376884386E+00,+1.187154545E+00
-348.000E-06,+3.376884386E+00,+1.187154545E+00
-346.550E-06,+3.376884386E+00,+1.187154545E+00
-345.100E-06,+3.376884386E+00,+1.187154545E+00
-343.650E-06,+3.417085391E+00,+1.197204796E+00
-342.200E-06,+3.376884386E+00,+1.207255047E+00
-340.750E-06,+3.417085391E+00,+1.207255047E+00
-339.300E-06,+3.457286395E+00,+1.207255047E+00
-337.850E-06,+3.417085391E+00,+1.207255047E+00
-336.400E-06,+3.376884386E+00,+1.207255047E+00
-334.950E-06,+3.376884386E+00,+1.207255047E+00
-333.500E-06,+3.376884386E+00,+1.207255047E+00
-332.050E-06,+3.376884386E+00,+1.217305298E+00
-330.600E-06,+3.457286395E+00,+1.207255047E+00
-329.150E-06,+3.376884386E+00,+1.217305298E+00
-327.700E-06,+3.457286395E+00,+1.207255047E+00
-326.250E-06,+3.376884386E+00,+1.227355549E+00
-324.800E-06,+3.376884386E+00,+1.227355549E+00
-323.350E-06,-120.603014E-03,+1.227355549E+00
-321.900E-06,+0.0E+00,+1.227355549E+00
-320.450E-06,+40.201005E-03,+1.227355549E+00
-319.000E-06,+0.0E+00,+1.207255047E+00
-317.550E-06,+0.0E+00,+1.227355549E+00
-316.100E-06,+0.0E+00,+1.227355549E+00
-314.650E-06,+0.0E+00,+1.217305298E+00
-313.200E-06,+0.0E+00,+1.207255047E+00
-311.750E-06,+1.487437170E+00,+1.227355549E+00
-310.300E-06,+3.376884386E+00,+1.227355549E+00
-308.850E-06,+3.376884386E+00,+1.227355549E+00
-307.400E-06,+3.376884386E+00,+1.227355549E+00
-305.950E-06,+3.376884386E+00,+1.227355549E+00
-304.500E-06,+3.376884386E+00,+1.227355549E+00
-303.050E-06,+3.417085391E+00,+1.237405800E+00
-301.600E-06,+3.457286395E+00,+1.227355549E+00
-300.150E-06,+3.376884386E+00,+1.237405800E+00
-298.700E-06,+3.457286395E+00,+1.247456051E+00
-297.250E-06,+3.376884386E+00,+1.247456051E+00
-295.800E-06,+3.376884386E+00,+1.247456051E+00
-294.350E-06,+3.376884386E+00,+1.247456051E+00
-292.900E-06,+3.376884386E+00,+1.247456051E+00
-291.450E-06,+3.376884386E+00,+1.257506303E+00
-290.000E-06,+3.376884386E+00,+1.247456051E+00
-288.550E-06,+3.417085391E+00,+1.267556554E+00
-287.100E-06,+3.376884386E+00,+1.287657056E+00
-285.650E-06,+3.376884386E+00,+1.267556554E+00
-284.200E-06,+3.376884386E+00,+1.267556554E+00
-282.750E-06,+3.417085391E+00,+1.267556554E+00
-281.300E-06,+3.376884386E+00,+1.267556554E+00
-279.850E-06,+0.0E+00,+1.267556554E+00
-278.400E-06,+0.0E+00,+1.267556554E+00
-276.950E-06,+0.0E+00,+1.267556554E+00
-275.500E-06,+0.0E+00,+1.267556554E+00
-274.050E-06,+40.201005E-03,+1.267556554E+00
-272.600E-06,+0.0E+00,+1.267556554E+00
-271.150E-06,+0.0E+00,+1.267556554E+00
-269.700E-06,+3.376884386E+00,+1.267556554E+00
-268.250E-06,+3.417085391E+00,+1.267556554E+00
-266.800E-06,+3.457286395E+00,+1.267556554E+00
-265.350E-06,+3.417085391E+00,+1.267556554E+00
-263.900E-06,+3.376884386E+00,+1.267556554E+00
-262.450E-06,+3.376884386E+00,+1.267556554E+00
-261.000E-06,+3.376884386E+00,+1.287657056E+00
-259.550E-06,+3.417085391E+00,+1.287657056E+00
-258.100E-06,+3.457286395E+00,+1.287657056E+00
-256.650E-06,+3.376884386E+00,+1.287657056E+00
-255.200E-06,+3.457286395E+00,+1.307757558E+00
-253.750E-06,+3.417085391E+00,+1.287657056E+00
-252.300E-06,+3.376884386E+00,+1.307757558E+00
-250.850E-06,+3.376884386E+00,+1.287657056E+00
-249.400E-06,+3.376884386E+00,+1.307757558E+00
-247.950E-06,+3.417085391E+00,+1.307757558E+00
-246.500E-06,+3.457286395E+00,+1.307757558E+00
-245.050E-06,+3.417085391E+00,+1.297707307E+00
-243.600E-06,+3.376884386E+00,+1.307757558E+00
-242.150E-06,+3.376884386E+00,+1.307757558E+00
-240.700E-06,+3.376884386E+00,+1.327858061E+00
-239.250E-06,+3.457286395E+00,+1.317807809E+00
-237.800E-06,+3.376884386E+00,+1.327858061E+00
-236.350E-06,+40.201005E-03,+1.307757558E+00
-234.900E-06,+0.0E+00,+1.307757558E+00
-233.450E-06,+40.201005E-03,+1.307757558E+00
-232.000E-06,+0.0E+00,+1.307757558E+00
-230.550E-06,+0.0E+00,+1.317807809E+00
-229.100E-06,+0.0E+00,+1.307757558E+00
-227.650E-06,+3.336683381E+00,+1.317807809E+00
-226.200E-06,+3.457286395E+00,+1.307757558E+00
-224.750E-06,+3.376884386E+00,+1.307757558E+00
-223.300E-06,+3.376884386E+00,+1.307757558E+00
-221.850E-06,+3.376884386E+00,+1.327858061E+00
-220.400E-06,+3.457286395E+00,+1.327858061E+00
-218.950E-06,+3.376884386E+00,+1.327858061E+00
-217.500E-06,+3.376884386E+00,+1.327858061E+00
-216.050E-06,+3.417085391E+00,+1.317807809E+00
-214.600E-06,+3.376884386E+00,+1.327858061E+00
-213.150E-06,+3.457286395E+00,+1.337908312E+00
-211.700E-06,+3.457286395E+00,+1.347958563E+00
-210.250E-06,+3.417085391E+00,+1.347958563E+00
-208.800E-06,+3.376884386E+00,+1.327858061E+00
-207.350E-06,+3.417085391E+00,+1.337908312E+00
-205.900E-06,+3.457286395E+00,+1.347958563E+00
-204.450E-06,+3.417085391E+00,+1.337908312E+00
-203.000E-06,+3.457286395E+00,+1.347958563E+00
-201.550E-06,+3.417085391E+00,+1.358008814E+00
-200.100E-06,+3.376884386E+00,+1.347958563E+00
-198.650E-06,+3.376884386E+00,+1.347958563E+00
-197.200E-06,+3.376884386E+00,+1.368059065E+00
-195.750E-06,+3.417085391E+00,+1.358008814E+00
-194.300E-06,+80.402009E-03,+1.347958563E+00
-192.850E-06,+0.0E+00,+1.368059065E+00
-191.400E-06,+0.0E+00,+1.368059065E+00
-189.950E-06,+0.0E+00,+1.358008814E+00
-188.500E-06,+0.0E+00,+1.347958563E+00
-187.050E-06,+0.0E+00,+1.358008814E+00
-185.600E-06,+3.457286395E+00,+1.368059065E+00
-184.150E-06,+3.376884386E+00,+1.368059065E+00
-182.700E-06,+3.376884386E+00,+1.347958563E+00
-181.250E-06,+3.417085391E+00,+1.368059065E+00
-179.800E-06,+3.376884386E+00,+1.368059065E+00
-178.350E-06,+3.376884386E+00,+1.368059065E+00
-176.900E-06,+3.376884386E+00,+1.368059065E+00
-175.450E-06,+3.417085391E+00,+1.368059065E+00
-174.000E-06,+3.457286395E+00,+1.368059065E+00
-172.550E-06,+3.457286395E+00,+1.368059065E+00
-171.100E-06,+3.376884386E+00,+1.388159567E+00
-169.650E-06,+3.376884386E+00,+1.388159567E+00
-168.200E-06,+3.457286395E+00,+1.388159567E+00
-166.750E-06,+3.417085391E+00,+1.388159567E+00
-165.300E-06,+3.376884386E+00,+1.388159567E+00
-163.850E-06,+3.376884386E+00,+1.398209819E+00
-162.400E-06,+3.376884386E+00,+1.388159567E+00
-160.950E-06,+3.417085391E+00,+1.398209819E+00
-159.500E-06,+3.457286395E+00,+1.408260070E+00
-158.050E-06,+3.417085391E+00,+1.408260070E+00
-156.600E-06,+3.457286395E+00,+1.408260070E+00
-155.150E-06,+3.417085391E+00,+1.408260070E+00
-153.700E-06,+3.376884386E+00,+1.408260070E+00
-152.250E-06,+3.417085391E+00,+1.408260070E+00
-150.800E-06,+0.0E+00,+1.408260070E+00
-149.350E-06,+0.0E+00,+1.408260070E+00
-147.900E-06,+0.0E+00,+1.408260070E+00
-146.450E-06,+0.0E+00,+1.408260070E+00
-145.000E-06,+0.0E+00,+1.408260070E+00
-143.550E-06,+3.376884386E+00,+1.408260070E+00
-142.100E-06,+3.457286395E+00,+1.408260070E+00
-140.650E-06,+3.376884386E+00,+1.408260070E+00
-139.200E-06,+3.376884386E+00,+1.408260070E+00
-137.750E-06,+3.417085391E+00,+1.408260070E+00
-136.300E-06,+3.376884386E+00,+1.408260070E+00
-134.850E-06,+3.376884386E+00,+1.408260070E+00
-133.400E-06,+3.376884386E+00,+1.428360572E+00
-131.950E-06,+3.417085391E+00,+1.428360572E+00
-130.500E-06,+3.376884386E+00,+1.428360572E+00
-129.050E-06,+3.417085391E+00,+1.428360572E+00
-127.600E-06,+3.457286395E+00,+1.428360572E+00
-126.150E-06,+3.376884386E+00,+1.428360572E+00
-124.700E-06,+3.376884386E+00,+1.428360572E+00
-123.250E-06,+3.417085391E+00,+1.428360572E+00
-121.800E-06,+3.376884386E+00,+1.448461074E+00
-120.350E-06,+3.417085391E+00,+1.448461074E+00
-118.900E-06,+3.376884386E+00,+1.428360572E+00
-117.450E-06,+3.376884386E+00,+1.448461074E+00
-116.000E-06,+3.376884386E+00,+1.448461074E+00
-114.550E-06,+3.417085391E+00,+1.448461074E+00
-113.100E-06,+3.457286395E+00,+1.448461074E+00
-111.650E-06,+3.457286395E+00,+1.448461074E+00
-110.200E-06,+3.376884386E+00,+1.448461074E+00
-108.750E-06,+0.0E+00,+1.448461074E+00
-107.300E-06,+0.0E+00,+1.448461074E+00
-105.850E-06,+0.0E+00,+1.448461074E+00
-104.400E-06,+0.0E+00,+1.448461074E+00
-102.950E-06,+0.0E+00,+1.448461074E+00
-101.500E-06,+3.376884386E+00,+1.448461074E+00
-100.050E-06,+3.376884386E+00,+1.458511326E+00
-98.600E-06,+3.457286395E+00,+1.448461074E+00
-97.150E-06,+3.376884386E+00,+1.448461074E+00
-95.700E-06,+3.376884386E+00,+1.448461074E+00
-94.250E-06,+3.376884386E+00,+1.468561577E+00
-92.800E-06,+3.457286395E+00,+1.468561577E+00
-91.350E-06,+3.376884386E+00,+1.468561577E+00
-89.900E-06,+3.376884386E+00,+1.468561577E+00
-88.450E-06,+3.376884386E+00,+1.468561577E+00
-87.000E-06,+3.376884386E+00,+1.468561577E+00
-85.550E-06,+3.376884386E+00,+1.488662079E+00
-84.100E-06,+3.376884386E+00,+1.488662079E+00
-82.650E-06,+3.417085391E+00,+1.488662079E+00
-81.200E-06,+3.457286395E+00,+1.488662079E+00
-79.750E-06,+3.417085391E+00,+1.488662079E+00
-78.300E-06,+3.376884386E+00,+1.488662079E+00
-76.850E-06,+3.457286395E+00,+1.488662079E+00
-75.400E-06,+3.457286395E+00,+1.488662079E+00
-73.950E-06,+3.417085391E+00,+1.498712330E+00
-72.500E-06,+3.457286395E+00,+1.488662079E+00
-71.050E-06,+3.376884386E+00,+1.498712330E+00
-69.600E-06,+3.376884386E+00,+1.508762581E+00
-68.150E-06,+3.417085391E+00,+1.508762581E+00
-66.700E-06,+3.376884386E+00,+1.508762581E+00
-65.250E-06,+40.201005E-03,+1.498712330E+00
-63.800E-06,+80.402009E-03,+1.508762581E+00
-62.350E-06,+0.0E+00,+1.498712330E+00
-60.900E-06,+0.0E+00,+1.488662079E+00
-59.450E-06,+3.417085391E+00,+1.498712330E+00
-58.000E-06,+3.457286395E+00,+1.508762581E+00
-56.550E-06,+3.417085391E+00,+1.508762581E+00
-55.100E-06,+3.376884386E+00,+1.508762581E+00
-53.650E-06,+3.376884386E+00,+1.508762581E+00
-52.200E-06,+3.457286395E+00,+1.508762581E+00
-50.750E-06,+3.376884386E+00,+1.518812832E+00
-49.300E-06,+3.376884386E+00,+1.528863084E+00
-47.850E-06,+3.417085391E+00,+1.518812832E+00
-46.400E-06,+3.376884386E+00,+1.528863084E+00
-44.950E-06,+3.417085391E+00,+1.518812832E+00
-43.500E-06,+3.376884386E+00,+1.528863084E+00
-42.050E-06,+3.417085391E+00,+1.528863084E+00
-40.600E-06,+3.457286395E+00,+1.528863084E+00
-39.150E-06,+3.376884386E+00,+1.528863084E+00
-37.700E-06,+3.457286395E+00,+1.528863084E+00
-36.250E-06,+3.417085391E+00,+1.528863084E+00
-34.800E-06,+3.376884386E+00,+1.548963586E+00
-33.350E-06,+3.417085391E+00,+1.538913335E+00
-31.900E-06,+3.376884386E+00,+1.528863084E+00
-30.450E-06,+3.457286395E+00,+1.538913335E+00
-29.000E-06,+3.376884386E+00,+1.548963586E+00
-27.550E-06,+3.417085391E+00,+1.548963586E+00
-26.100E-06,+3.457286395E+00,+1.548963586E+00
-24.650E-06,+3.376884386E+00,+1.559013837E+00
-23.200E-06,+0.0E+00,+1.548963586E+00
-21.750E-06,+0.0E+00,+1.548963586E+00
-20.300E-06,+0.0E+00,+1.548963586E+00
-18.850E-06,+1.286432147E+00,+1.659516349E+00
-17.400E-06,+3.457286395E+00,+1.548963586E+00
-15.950E-06,+3.417085391E+00,+1.548963586E+00
-14.500E-06,+3.376884386E+00,+1.569064088E+00
-13.050E-06,+3.417085391E+00,+1.559013837E+00
-11.600E-06,+3.457286395E+00,+1.569064088E+00
-10.150E-06,+3.417085391E+00,+1.559013837E+00
-8.700E-06,+3.376884386E+00,+1.548963586E+00
-7.250E-06,+3.457286395E+00,+1.559013837E+00
-5.800E-06,+3.457286395E+00,+1.569064088E+00
-4.350E-06,+3.376884386E+00,+1.569064088E+00
-2.900E-06,+3.457286395E+00,+1.569064088E+00
-1.450E-06,+3.417085391E+00,+1.579114339E+00
+0.0E+00,+3.457286395E+00,+1.569064088E+00
+1.450E-06,+3.376884386E+00,+1.569064088E+00
+2.900E-06,+3.457286395E+00,+1.589164590E+00
+4.350E-06,+3.417085391E+00,+1.579114339E+00
+5.800E-06,+3.457286395E+00,+1.589164590E+00
+7.250E-06,+3.417085391E+00,+1.589164590E+00
+8.700E-06,+3.457286395E+00,+1.589164590E+00
+10.150E-06,+3.376884386E+00,+1.589164590E+00
+11.600E-06,+3.457286395E+00,+1.589164590E+00
+13.050E-06,+3.417085391E+00,+1.599214842E+00
+14.500E-06,+3.376884386E+00,+1.589164590E+00
+15.950E-06,+3.376884386E+00,+1.599214842E+00
+17.400E-06,+3.376884386E+00,+1.589164590E+00
+18.850E-06,-241.206028E-03,+1.619315344E+00
+20.300E-06,+0.0E+00,+1.589164590E+00
+21.750E-06,+80.402009E-03,+1.599214842E+00
+23.200E-06,+3.376884386E+00,+1.589164590E+00
+24.650E-06,+3.376884386E+00,+1.589164590E+00
+26.100E-06,+3.457286395E+00,+1.609265093E+00
+27.550E-06,+3.417085391E+00,+1.609265093E+00
+29.000E-06,+3.376884386E+00,+1.609265093E+00
+30.450E-06,+3.417085391E+00,+1.599214842E+00
+31.900E-06,+3.457286395E+00,+1.609265093E+00
+33.350E-06,+3.417085391E+00,+1.619315344E+00
+34.800E-06,+3.457286395E+00,+1.609265093E+00
+36.250E-06,+3.457286395E+00,+1.629365595E+00
+37.700E-06,+3.376884386E+00,+1.609265093E+00
+39.150E-06,+3.417085391E+00,+1.609265093E+00
+40.600E-06,+3.376884386E+00,+1.629365595E+00
+42.050E-06,+3.417085391E+00,+1.619315344E+00
+43.500E-06,+3.376884386E+00,+1.629365595E+00
+44.950E-06,+3.417085391E+00,+1.629365595E+00
+46.400E-06,+3.376884386E+00,+1.629365595E+00
+47.850E-06,+3.417085391E+00,+1.629365595E+00
+49.300E-06,+3.376884386E+00,+1.629365595E+00
+50.750E-06,+3.417085391E+00,+1.639415846E+00
+52.200E-06,+3.376884386E+00,+1.649466097E+00
+53.650E-06,+3.417085391E+00,+1.639415846E+00
+55.100E-06,+3.376884386E+00,+1.629365595E+00
+56.550E-06,+3.376884386E+00,+1.649466097E+00
+58.000E-06,+3.376884386E+00,+1.649466097E+00
+59.450E-06,+3.457286395E+00,+1.649466097E+00
+60.900E-06,+3.376884386E+00,+1.649466097E+00
+62.350E-06,+0.0E+00,+1.649466097E+00
+63.800E-06,+0.0E+00,+1.649466097E+00
+65.250E-06,+3.457286395E+00,+1.659516349E+00
+66.700E-06,+3.376884386E+00,+1.649466097E+00
+68.150E-06,+3.417085391E+00,+1.649466097E+00
+69.600E-06,+3.376884386E+00,+1.669566600E+00
+71.050E-06,+3.417085391E+00,+1.649466097E+00
+72.500E-06,+3.376884386E+00,+1.649466097E+00
+73.950E-06,+3.417085391E+00,+1.659516349E+00
+75.400E-06,+3.457286395E+00,+1.669566600E+00
+76.850E-06,+3.457286395E+00,+1.669566600E+00
+78.300E-06,+3.376884386E+00,+1.669566600E+00
+79.750E-06,+3.457286395E+00,+1.669566600E+00
+81.200E-06,+3.376884386E+00,+1.669566600E+00
+82.650E-06,+3.417085391E+00,+1.669566600E+00
+84.100E-06,+3.376884386E+00,+1.669566600E+00
+85.550E-06,+3.417085391E+00,+1.669566600E+00
+87.000E-06,+3.376884386E+00,+1.669566600E+00
+88.450E-06,+3.457286395E+00,+1.679616851E+00
+89.900E-06,+3.376884386E+00,+1.669566600E+00
+91.350E-06,+3.417085391E+00,+1.669566600E+00
+92.800E-06,+3.457286395E+00,+1.689667102E+00
+94.250E-06,+3.417085391E+00,+1.689667102E+00
+95.700E-06,+3.376884386E+00,+1.689667102E+00
+97.150E-06,+3.376884386E+00,+1.689667102E+00
+98.600E-06,+3.457286395E+00,+1.689667102E+00
+100.050E-06,+3.417085391E+00,+1.689667102E+00
+101.500E-06,+3.457286395E+00,+1.689667102E+00
+102.950E-06,+3.417085391E+00,+1.699717353E+00
+104.400E-06,+80.402009E-03,+1.709767604E+00
+105.850E-06,+0.0E+00,+1.689667102E+00
+107.300E-06,+3.376884386E+00,+1.689667102E+00
+108.750E-06,+3.376884386E+00,+1.689667102E+00
+110.200E-06,+3.376884386E+00,+1.689667102E+00
+111.650E-06,+3.376884386E+00,+1.689667102E+00
+113.100E-06,+3.376884386E+00,+1.709767604E+00
+114.550E-06,+3.376884386E+00,+1.709767604E+00
+116.000E-06,+3.457286395E+00,+1.709767604E+00
+117.450E-06,+3.417085391E+00,+1.709767604E+00
+118.900E-06,+3.376884386E+00,+1.709767604E+00
+120.350E-06,+3.457286395E+00,+1.719817855E+00
+121.800E-06,+3.376884386E+00,+1.709767604E+00
+123.250E-06,+3.457286395E+00,+1.709767604E+00
+124.700E-06,+3.376884386E+00,+1.729868107E+00
+126.150E-06,+3.376884386E+00,+1.719817855E+00
+127.600E-06,+3.457286395E+00,+1.729868107E+00
+129.050E-06,+3.457286395E+00,+1.729868107E+00
+130.500E-06,+3.457286395E+00,+1.729868107E+00
+131.950E-06,+3.376884386E+00,+1.729868107E+00
+133.400E-06,+3.457286395E+00,+1.729868107E+00
+134.850E-06,+3.417085391E+00,+1.729868107E+00
+136.300E-06,+3.376884386E+00,+1.749968609E+00
+137.750E-06,+3.417085391E+00,+1.739918358E+00
+139.200E-06,+3.376884386E+00,+1.749968609E+00
+140.650E-06,+3.417085391E+00,+1.739918358E+00
+142.100E-06,+3.457286395E+00,+1.749968609E+00
+143.550E-06,+3.376884386E+00,+1.739918358E+00
+145.000E-06,+3.457286395E+00,+1.749968609E+00
+146.450E-06,+3.457286395E+00,+1.749968609E+00
+147.900E-06,+0.0E+00,+1.749968609E+00
+149.350E-06,+3.457286395E+00,+1.749968609E+00
+150.800E-06,+3.457286395E+00,+1.749968609E+00
+152.250E-06,+3.376884386E+00,+1.749968609E+00
+153.700E-06,+3.376884386E+00,+1.749968609E+00
+155.150E-06,+3.457286395E+00,+1.749968609E+00
+156.600E-06,+3.457286395E+00,+1.749968609E+00
+158.050E-06,+3.417085391E+00,+1.749968609E+00
+159.500E-06,+3.457286395E+00,+1.749968609E+00
+160.950E-06,+3.417085391E+00,+1.749968609E+00
+162.400E-06,+3.376884386E+00,+1.770069111E+00
+163.850E-06,+3.457286395E+00,+1.770069111E+00
+165.300E-06,+3.376884386E+00,+1.770069111E+00
+166.750E-06,+3.376884386E+00,+1.770069111E+00
+168.200E-06,+3.376884386E+00,+1.770069111E+00
+169.650E-06,+3.457286395E+00,+1.770069111E+00
+171.100E-06,+3.376884386E+00,+1.770069111E+00
+172.550E-06,+3.376884386E+00,+1.770069111E+00
+174.000E-06,+3.376884386E+00,+1.770069111E+00
+175.450E-06,+3.417085391E+00,+1.790169613E+00
+176.900E-06,+3.376884386E+00,+1.770069111E+00
+178.350E-06,+3.457286395E+00,+1.790169613E+00
+179.800E-06,+3.457286395E+00,+1.790169613E+00
+181.250E-06,+3.376884386E+00,+1.790169613E+00
+182.700E-06,+3.376884386E+00,+1.790169613E+00
+184.150E-06,+3.417085391E+00,+1.790169613E+00
+185.600E-06,+3.457286395E+00,+1.790169613E+00
+187.050E-06,+3.417085391E+00,+1.800219865E+00
+188.500E-06,+3.376884386E+00,+1.790169613E+00
+189.950E-06,+40.201005E-03,+1.790169613E+00
+191.400E-06,+3.457286395E+00,+1.810270116E+00
+192.850E-06,+3.376884386E+00,+1.810270116E+00
+194.300E-06,+3.376884386E+00,+1.790169613E+00
+195.750E-06,+3.417085391E+00,+1.810270116E+00
+197.200E-06,+3.457286395E+00,+1.810270116E+00
+198.650E-06,+3.417085391E+00,+1.810270116E+00
+200.100E-06,+3.457286395E+00,+1.810270116E+00
+201.550E-06,+3.457286395E+00,+1.800219865E+00
+203.000E-06,+3.457286395E+00,+1.810270116E+00
+204.450E-06,+3.417085391E+00,+1.810270116E+00
+205.900E-06,+3.457286395E+00,+1.810270116E+00
+207.350E-06,+3.376884386E+00,+1.820320367E+00
+208.800E-06,+3.457286395E+00,+1.810270116E+00
+210.250E-06,+3.457286395E+00,+1.820320367E+00
+211.700E-06,+3.376884386E+00,+1.810270116E+00
+213.150E-06,+3.376884386E+00,+1.820320367E+00
+214.600E-06,+3.457286395E+00,+1.830370618E+00
+216.050E-06,+3.417085391E+00,+1.830370618E+00
+217.500E-06,+3.457286395E+00,+1.810270116E+00
+218.950E-06,+3.417085391E+00,+1.830370618E+00
+220.400E-06,+3.376884386E+00,+1.830370618E+00
+221.850E-06,+3.417085391E+00,+1.830370618E+00
+223.300E-06,+3.376884386E+00,+1.830370618E+00
+224.750E-06,+3.417085391E+00,+1.840420869E+00
+226.200E-06,+3.457286395E+00,+1.850471120E+00
+227.650E-06,+3.376884386E+00,+1.840420869E+00
+229.100E-06,+3.376884386E+00,+1.850471120E+00
+230.550E-06,+3.417085391E+00,+1.850471120E+00
+232.000E-06,+80.402009E-03,+1.850471120E+00
+233.450E-06,+3.417085391E+00,+1.830370618E+00
+234.900E-06,+3.457286395E+00,+1.850471120E+00
+236.350E-06,+3.376884386E+00,+1.850471120E+00
+237.800E-06,+3.376884386E+00,+1.850471120E+00
+239.250E-06,+3.457286395E+00,+1.850471120E+00
+240.700E-06,+3.376884386E+00,+1.850471120E+00
+242.150E-06,+3.417085391E+00,+1.860521371E+00
+243.600E-06,+3.457286395E+00,+1.870571623E+00
+245.050E-06,+3.417085391E+00,+1.860521371E+00
+246.500E-06,+3.376884386E+00,+1.850471120E+00
+247.950E-06,+3.457286395E+00,+1.870571623E+00
+249.400E-06,+3.376884386E+00,+1.870571623E+00
+250.850E-06,+3.457286395E+00,+1.870571623E+00
+252.300E-06,+3.457286395E+00,+1.870571623E+00
+253.750E-06,+3.376884386E+00,+1.870571623E+00
+255.200E-06,+3.457286395E+00,+1.870571623E+00
+256.650E-06,+3.457286395E+00,+1.870571623E+00
+258.100E-06,+3.376884386E+00,+1.890672125E+00
+259.550E-06,+3.417085391E+00,+1.880621874E+00
+261.000E-06,+3.376884386E+00,+1.870571623E+00
+262.450E-06,+3.417085391E+00,+1.880621874E+00
+263.900E-06,+3.376884386E+00,+1.890672125E+00
+265.350E-06,+3.457286395E+00,+1.890672125E+00
+266.800E-06,+3.457286395E+00,+1.890672125E+00
+268.250E-06,+3.417085391E+00,+1.890672125E+00
+269.700E-06,+3.457286395E+00,+1.890672125E+00
+271.150E-06,+3.457286395E+00,+1.890672125E+00
+272.600E-06,+3.376884386E+00,+1.890672125E+00
+274.050E-06,+2.371859271E+00,+1.770069111E+00
+275.500E-06,+3.457286395E+00,+1.910772627E+00
+276.950E-06,+3.417085391E+00,+1.890672125E+00
+278.400E-06,+3.457286395E+00,+1.910772627E+00
+279.850E-06,+3.457286395E+00,+1.890672125E+00
+281.300E-06,+3.457286395E+00,+1.890672125E+00
+282.750E-06,+3.457286395E+00,+1.910772627E+00
+284.200E-06,+3.457286395E+00,+1.910772627E+00
+285.650E-06,+3.457286395E+00,+1.910772627E+00
+287.100E-06,+3.376884386E+00,+1.910772627E+00
+288.550E-06,+3.417085391E+00,+1.910772627E+00
+290.000E-06,+3.376884386E+00,+1.910772627E+00
+291.450E-06,+3.457286395E+00,+1.910772627E+00
+292.900E-06,+3.457286395E+00,+1.910772627E+00
+294.350E-06,+3.417085391E+00,+1.920822878E+00
+295.800E-06,+3.457286395E+00,+1.930873130E+00
+297.250E-06,+3.417085391E+00,+1.910772627E+00
+298.700E-06,+3.457286395E+00,+1.930873130E+00
+300.150E-06,+3.457286395E+00,+1.920822878E+00
+301.600E-06,+3.376884386E+00,+1.910772627E+00
+303.050E-06,+3.457286395E+00,+1.930873130E+00
+304.500E-06,+3.457286395E+00,+1.910772627E+00
+305.950E-06,+3.457286395E+00,+1.930873130E+00
+307.400E-06,+3.457286395E+00,+1.930873130E+00
+308.850E-06,+3.457286395E+00,+1.930873130E+00
+310.300E-06,+3.376884386E+00,+1.930873130E+00
+311.750E-06,+3.457286395E+00,+1.930873130E+00
+313.200E-06,+3.457286395E+00,+1.950973632E+00
+314.650E-06,+3.457286395E+00,+1.940923381E+00
+316.100E-06,+3.457286395E+00,+1.950973632E+00
+317.550E-06,+3.376884386E+00,+1.930873130E+00
+319.000E-06,+3.376884386E+00,+1.930873130E+00
+320.450E-06,+3.457286395E+00,+1.940923381E+00
+321.900E-06,+3.457286395E+00,+1.950973632E+00
+323.350E-06,+3.457286395E+00,+1.950973632E+00
+324.800E-06,+3.457286395E+00,+1.950973632E+00
+326.250E-06,+3.417085391E+00,+1.950973632E+00
+327.700E-06,+3.457286395E+00,+1.950973632E+00
+329.150E-06,+3.457286395E+00,+1.950973632E+00
+330.600E-06,+3.376884386E+00,+1.950973632E+00
+332.050E-06,+3.376884386E+00,+1.961023883E+00
+333.500E-06,+3.457286395E+00,+1.971074134E+00
+334.950E-06,+3.457286395E+00,+1.950973632E+00
+336.400E-06,+3.376884386E+00,+1.950973632E+00
+337.850E-06,+3.457286395E+00,+1.961023883E+00
+339.300E-06,+3.376884386E+00,+1.971074134E+00
+340.750E-06,+3.417085391E+00,+1.971074134E+00
+342.200E-06,+3.457286395E+00,+1.971074134E+00
+343.650E-06,+3.457286395E+00,+1.971074134E+00
+345.100E-06,+3.376884386E+00,+1.971074134E+00
+346.550E-06,+3.457286395E+00,+1.971074134E+00
+348.000E-06,+3.457286395E+00,+1.971074134E+00
+349.450E-06,+3.457286395E+00,+1.981124385E+00
+350.900E-06,+3.457286395E+00,+1.971074134E+00
+352.350E-06,+3.417085391E+00,+1.981124385E+00
+353.800E-06,+3.457286395E+00,+1.991174636E+00
+355.250E-06,+3.457286395E+00,+1.991174636E+00
+356.700E-06,+3.457286395E+00,+1.991174636E+00
+358.150E-06,+3.457286395E+00,+1.991174636E+00
+359.600E-06,+3.457286395E+00,+1.991174636E+00
+361.050E-06,+3.417085391E+00,+1.991174636E+00
+362.500E-06,+3.457286395E+00,+1.991174636E+00
+363.950E-06,+3.417085391E+00,+2.001224888E+00
+365.400E-06,+3.457286395E+00,+1.991174636E+00
+366.850E-06,+3.457286395E+00,+2.001224888E+00
+368.300E-06,+3.457286395E+00,+2.011275139E+00
+369.750E-06,+3.457286395E+00,+1.991174636E+00
+371.200E-06,+3.457286395E+00,+1.991174636E+00
+372.650E-06,+3.417085391E+00,+2.011275139E+00
+374.100E-06,+3.457286395E+00,+2.011275139E+00
+375.550E-06,+3.417085391E+00,+2.011275139E+00
+377.000E-06,+3.457286395E+00,+2.011275139E+00
+378.450E-06,+3.417085391E+00,+2.011275139E+00
+379.900E-06,+3.376884386E+00,+2.011275139E+00
+381.350E-06,+3.417085391E+00,+2.011275139E+00
+382.800E-06,+3.457286395E+00,+2.011275139E+00
+384.250E-06,+3.457286395E+00,+2.011275139E+00
+385.700E-06,+3.376884386E+00,+2.031375641E+00
+387.150E-06,+3.376884386E+00,+2.011275139E+00
+388.600E-06,+3.457286395E+00,+2.031375641E+00
+390.050E-06,+3.417085391E+00,+2.021325390E+00
+391.500E-06,+3.457286395E+00,+2.031375641E+00
+392.950E-06,+3.457286395E+00,+2.031375641E+00
+394.400E-06,+3.457286395E+00,+2.031375641E+00
+395.850E-06,+3.376884386E+00,+2.021325390E+00
+397.300E-06,+3.457286395E+00,+2.031375641E+00
+398.750E-06,+3.457286395E+00,+2.031375641E+00
+400.200E-06,+3.376884386E+00,+2.051476143E+00
+401.650E-06,+3.457286395E+00,+2.041425892E+00
+403.100E-06,+3.457286395E+00,+2.051476143E+00
+404.550E-06,+3.457286395E+00,+2.031375641E+00
+406.000E-06,+3.457286395E+00,+2.051476143E+00
+407.450E-06,+3.417085391E+00,+2.051476143E+00
+408.900E-06,+3.376884386E+00,+2.051476143E+00
+410.350E-06,+3.417085391E+00,+2.041425892E+00
+411.800E-06,+3.457286395E+00,+2.051476143E+00
+413.250E-06,+3.417085391E+00,+2.051476143E+00
+414.700E-06,+3.457286395E+00,+2.051476143E+00
+416.150E-06,+3.417085391E+00,+2.051476143E+00
+417.600E-06,+3.457286395E+00,+2.051476143E+00
+419.050E-06,+3.376884386E+00,+2.051476143E+00
+420.500E-06,+3.457286395E+00,+2.051476143E+00
+421.950E-06,+3.457286395E+00,+2.051476143E+00
+423.400E-06,+3.457286395E+00,+2.051476143E+00
+424.850E-06,+3.417085391E+00,+2.071576646E+00
+426.300E-06,+3.457286395E+00,+2.071576646E+00
+427.750E-06,+3.417085391E+00,+2.071576646E+00
+429.200E-06,+3.457286395E+00,+2.071576646E+00
+430.650E-06,+3.457286395E+00,+2.071576646E+00
+432.100E-06,+3.376884386E+00,+2.071576646E+00
+433.550E-06,+3.457286395E+00,+2.071576646E+00
+435.000E-06,+3.457286395E+00,+2.071576646E+00
+436.450E-06,+3.376884386E+00,+2.071576646E+00
+437.900E-06,+3.457286395E+00,+2.071576646E+00
+439.350E-06,+3.376884386E+00,+2.071576646E+00
+440.800E-06,+3.376884386E+00,+2.091677148E+00
+442.250E-06,+3.417085391E+00,+2.081626897E+00
+443.700E-06,+0.0E+00,+2.091677148E+00
+445.150E-06,+3.417085391E+00,+2.071576646E+00
+446.600E-06,+3.457286395E+00,+2.091677148E+00
+448.050E-06,+3.457286395E+00,+2.091677148E+00
+449.500E-06,+3.457286395E+00,+2.091677148E+00
+450.950E-06,+3.457286395E+00,+2.091677148E+00
+452.400E-06,+3.457286395E+00,+2.091677148E+00
+453.850E-06,+3.457286395E+00,+2.091677148E+00
+455.300E-06,+3.457286395E+00,+2.091677148E+00
+456.750E-06,+3.417085391E+00,+2.091677148E+00
+458.200E-06,+3.457286395E+00,+2.091677148E+00
+459.650E-06,+3.457286395E+00,+2.091677148E+00
+461.100E-06,+3.457286395E+00,+2.091677148E+00
+462.550E-06,+3.457286395E+00,+2.101727399E+00
+464.000E-06,+3.457286395E+00,+2.111777650E+00
+465.450E-06,+3.417085391E+00,+2.111777650E+00
+466.900E-06,+3.457286395E+00,+2.111777650E+00
+468.350E-06,+3.457286395E+00,+2.111777650E+00
+469.800E-06,+3.457286395E+00,+2.111777650E+00
+471.250E-06,+3.417085391E+00,+2.101727399E+00
+472.700E-06,+3.457286395E+00,+2.111777650E+00
+474.150E-06,+3.457286395E+00,+2.111777650E+00
+475.600E-06,+3.457286395E+00,+2.111777650E+00
+477.050E-06,+3.457286395E+00,+2.101727399E+00
+478.500E-06,+3.457286395E+00,+2.111777650E+00
+479.950E-06,+3.457286395E+00,+2.131878152E+00
+481.400E-06,+3.376884386E+00,+2.111777650E+00
+482.850E-06,+3.457286395E+00,+2.121827901E+00
+484.300E-06,+3.376884386E+00,+2.111777650E+00
+485.750E-06,+1.487437170E+00,+2.162028906E+00
+487.200E-06,+3.457286395E+00,+2.111777650E+00
+488.650E-06,+3.457286395E+00,+2.121827901E+00
+490.100E-06,+3.457286395E+00,+2.131878152E+00
+491.550E-06,+3.417085391E+00,+2.131878152E+00
+493.000E-06,+3.457286395E+00,+2.131878152E+00
+494.450E-06,+3.457286395E+00,+2.131878152E+00
+495.900E-06,+3.457286395E+00,+2.131878152E+00
+497.350E-06,+3.417085391E+00,+2.131878152E+00
+498.800E-06,+3.457286395E+00,+2.131878152E+00
+500.250E-06,+3.457286395E+00,+2.131878152E+00
+501.700E-06,+3.376884386E+00,+2.151978655E+00
+503.150E-06,+3.457286395E+00,+2.141928404E+00
+504.600E-06,+3.376884386E+00,+2.151978655E+00
+506.050E-06,+3.457286395E+00,+2.141928404E+00
+507.500E-06,+3.376884386E+00,+2.131878152E+00
+508.950E-06,+3.457286395E+00,+2.141928404E+00
+510.400E-06,+3.376884386E+00,+2.151978655E+00
+511.850E-06,+3.457286395E+00,+2.151978655E+00
+513.300E-06,+3.457286395E+00,+2.131878152E+00
+514.750E-06,+3.457286395E+00,+2.151978655E+00
+516.200E-06,+3.457286395E+00,+2.151978655E+00
+517.650E-06,+3.457286395E+00,+2.151978655E+00
+519.100E-06,+3.457286395E+00,+2.151978655E+00
+520.550E-06,+3.457286395E+00,+2.172079157E+00
+522.000E-06,+3.457286395E+00,+2.151978655E+00
+523.450E-06,+3.457286395E+00,+2.162028906E+00
+524.900E-06,+3.457286395E+00,+2.151978655E+00
+526.350E-06,+3.417085391E+00,+2.162028906E+00
+527.800E-06,+3.457286395E+00,+2.172079157E+00
+529.250E-06,+3.457286395E+00,+2.172079157E+00
+530.700E-06,+3.376884386E+00,+2.172079157E+00
+532.150E-06,+3.457286395E+00,+2.172079157E+00
+533.600E-06,+3.457286395E+00,+2.172079157E+00
+535.050E-06,+3.457286395E+00,+2.172079157E+00
+536.500E-06,+3.376884386E+00,+2.172079157E+00
+537.950E-06,+3.457286395E+00,+2.172079157E+00
+539.400E-06,+3.376884386E+00,+2.172079157E+00
+540.850E-06,+3.417085391E+00,+2.172079157E+00
+542.300E-06,+3.376884386E+00,+2.192179659E+00
+543.750E-06,+3.417085391E+00,+2.182129408E+00
+545.200E-06,+3.457286395E+00,+2.192179659E+00
+546.650E-06,+3.457286395E+00,+2.172079157E+00
+548.100E-06,+3.376884386E+00,+2.192179659E+00
+549.550E-06,+3.376884386E+00,+2.182129408E+00
+551.000E-06,+3.457286395E+00,+2.172079157E+00
+552.450E-06,+3.457286395E+00,+2.192179659E+00
+553.900E-06,+3.457286395E+00,+2.192179659E+00
+555.350E-06,+3.417085391E+00,+2.202229911E+00
+556.800E-06,+3.457286395E+00,+2.192179659E+00
+558.250E-06,+3.457286395E+00,+2.202229911E+00
+559.700E-06,+3.457286395E+00,+2.192179659E+00
+561.150E-06,+3.457286395E+00,+2.202229911E+00
+562.600E-06,+3.457286395E+00,+2.192179659E+00
+564.050E-06,+3.457286395E+00,+2.192179659E+00
+565.500E-06,+3.457286395E+00,+2.192179659E+00
+566.950E-06,+3.457286395E+00,+2.202229911E+00
+568.400E-06,+3.457286395E+00,+2.192179659E+00
+569.850E-06,+3.457286395E+00,+2.212280162E+00
+571.300E-06,+3.457286395E+00,+2.212280162E+00
+572.750E-06,+3.417085391E+00,+2.202229911E+00
+574.200E-06,+3.457286395E+00,+2.212280162E+00
+575.650E-06,+3.417085391E+00,+2.212280162E+00
+577.100E-06,+3.376884386E+00,+2.212280162E+00
+578.550E-06,+3.457286395E+00,+2.212280162E+00
+580.000E-06,+3.457286395E+00,+2.192179659E+00
+581.450E-06,+3.457286395E+00,+2.212280162E+00
+582.900E-06,+3.376884386E+00,+2.212280162E+00
+584.350E-06,+3.457286395E+00,+2.212280162E+00
+585.800E-06,+3.457286395E+00,+2.212280162E+00
+587.250E-06,+3.457286395E+00,+2.212280162E+00
+588.700E-06,+3.457286395E+00,+2.232380664E+00
+590.150E-06,+3.417085391E+00,+2.212280162E+00
+591.600E-06,+3.457286395E+00,+2.232380664E+00
+593.050E-06,+3.457286395E+00,+2.232380664E+00
+594.500E-06,+3.457286395E+00,+2.232380664E+00
+595.950E-06,+3.417085391E+00,+2.232380664E+00
+597.400E-06,+3.457286395E+00,+2.232380664E+00
+598.850E-06,+3.417085391E+00,+2.232380664E+00
+600.300E-06,+3.457286395E+00,+2.232380664E+00
+601.750E-06,+3.457286395E+00,+2.232380664E+00
+603.200E-06,+3.457286395E+00,+2.232380664E+00
+604.650E-06,+3.417085391E+00,+2.232380664E+00
+606.100E-06,+3.457286395E+00,+2.232380664E+00
+607.550E-06,+3.457286395E+00,+2.232380664E+00
+609.000E-06,+3.376884386E+00,+2.232380664E+00
+610.450E-06,+3.417085391E+00,+2.242430915E+00
+611.900E-06,+3.457286395E+00,+2.232380664E+00
+613.350E-06,+3.417085391E+00,+2.242430915E+00
+614.800E-06,+3.457286395E+00,+2.252481166E+00
+616.250E-06,+3.457286395E+00,+2.252481166E+00
+617.700E-06,+3.457286395E+00,+2.252481166E+00
+619.150E-06,+3.457286395E+00,+2.252481166E+00
+620.600E-06,+3.457286395E+00,+2.252481166E+00
+622.050E-06,+3.457286395E+00,+2.252481166E+00
+623.500E-06,+3.457286395E+00,+2.252481166E+00
+624.950E-06,+3.417085391E+00,+2.252481166E+00
+626.400E-06,+3.457286395E+00,+2.252481166E+00
+627.850E-06,+3.457286395E+00,+2.252481166E+00
+629.300E-06,+3.457286395E+00,+2.252481166E+00
+630.750E-06,+3.457286395E+00,+2.252481166E+00
+632.200E-06,+3.376884386E+00,+2.252481166E+00
+633.650E-06,+3.457286395E+00,+2.252481166E+00
+635.100E-06,+3.457286395E+00,+2.252481166E+00
+636.550E-06,+3.457286395E+00,+2.262531417E+00
+638.000E-06,+3.376884386E+00,+2.252481166E+00
+639.450E-06,+3.457286395E+00,+2.272581669E+00
+640.900E-06,+3.457286395E+00,+2.272581669E+00
+642.350E-06,+3.417085391E+00,+2.272581669E+00
+643.800E-06,+3.457286395E+00,+2.272581669E+00
+645.250E-06,+3.457286395E+00,+2.272581669E+00
+646.700E-06,+3.457286395E+00,+2.272581669E+00
+648.150E-06,+3.457286395E+00,+2.272581669E+00
+649.600E-06,+3.457286395E+00,+2.272581669E+00
+651.050E-06,+3.417085391E+00,+2.272581669E+00
+652.500E-06,+3.457286395E+00,+2.272581669E+00
+653.950E-06,+3.376884386E+00,+2.272581669E+00
+655.400E-06,+0.0E+00,+2.272581669E+00
+656.850E-06,+3.457286395E+00,+2.292682171E+00
+658.300E-06,+3.457286395E+00,+2.272581669E+00
+659.750E-06,+3.457286395E+00,+2.282631920E+00
+661.200E-06,+3.376884386E+00,+2.272581669E+00
+662.650E-06,+3.417085391E+00,+2.292682171E+00
+664.100E-06,+3.457286395E+00,+2.272581669E+00
+665.550E-06,+3.457286395E+00,+2.292682171E+00
+667.000E-06,+3.457286395E+00,+2.272581669E+00
+668.450E-06,+3.417085391E+00,+2.282631920E+00
+669.900E-06,+3.457286395E+00,+2.292682171E+00
+671.350E-06,+3.457286395E+00,+2.292682171E+00
+672.800E-06,+3.457286395E+00,+2.292682171E+00
+674.250E-06,+3.457286395E+00,+2.292682171E+00
+675.700E-06,+3.457286395E+00,+2.292682171E+00
+677.150E-06,+3.457286395E+00,+2.292682171E+00
+678.600E-06,+3.457286395E+00,+2.292682171E+00
+680.050E-06,+3.457286395E+00,+2.302732422E+00
+681.500E-06,+3.457286395E+00,+2.292682171E+00
+682.950E-06,+3.417085391E+00,+2.292682171E+00
+684.400E-06,+3.457286395E+00,+2.292682171E+00
+685.850E-06,+3.457286395E+00,+2.312782673E+00
+687.300E-06,+3.457286395E+00,+2.312782673E+00
+688.750E-06,+3.457286395E+00,+2.302732422E+00
+690.200E-06,+3.376884386E+00,+2.312782673E+00
+691.650E-06,+3.457286395E+00,+2.312782673E+00
+693.100E-06,+3.457286395E+00,+2.312782673E+00
+694.550E-06,+3.457286395E+00,+2.312782673E+00
+696.000E-06,+3.457286395E+00,+2.312782673E+00
+697.450E-06,+80.402009E-03,+2.302732422E+00
+698.900E-06,+3.457286395E+00,+2.312782673E+00
+700.350E-06,+3.457286395E+00,+2.312782673E+00
+701.800E-06,+3.457286395E+00,+2.312782673E+00
+703.250E-06,+3.457286395E+00,+2.312782673E+00
+704.700E-06,+3.376884386E+00,+2.312782673E+00
+706.150E-06,+3.417085391E+00,+2.312782673E+00
+707.600E-06,+3.457286395E+00,+2.312782673E+00
+709.050E-06,+3.417085391E+00,+2.332883175E+00
+710.500E-06,+3.376884386E+00,+2.312782673E+00
+711.950E-06,+3.457286395E+00,+2.322832924E+00
+713.400E-06,+3.376884386E+00,+2.332883175E+00
+714.850E-06,+3.457286395E+00,+2.322832924E+00
+716.300E-06,+3.457286395E+00,+2.312782673E+00
+717.750E-06,+3.417085391E+00,+2.332883175E+00
+719.200E-06,+3.457286395E+00,+2.332883175E+00
+720.650E-06,+3.417085391E+00,+2.332883175E+00
+722.100E-06,+3.457286395E+00,+2.332883175E+00
+723.550E-06,+3.417085391E+00,+2.332883175E+00
+725.000E-06,+3.457286395E+00,+2.332883175E+00
+726.450E-06,+3.457286395E+00,+2.322832924E+00
+727.900E-06,+3.457286395E+00,+2.332883175E+00
+729.350E-06,+3.457286395E+00,+2.332883175E+00
+730.800E-06,+3.457286395E+00,+2.332883175E+00
+732.250E-06,+3.457286395E+00,+2.342933427E+00
+733.700E-06,+3.457286395E+00,+2.332883175E+00
+735.150E-06,+3.457286395E+00,+2.352983678E+00
+736.600E-06,+3.457286395E+00,+2.332883175E+00
+738.050E-06,+3.457286395E+00,+2.342933427E+00
+739.500E-06,+0.0E+00,+2.352983678E+00
+740.950E-06,+3.457286395E+00,+2.352983678E+00
+742.400E-06,+3.457286395E+00,+2.332883175E+00
+743.850E-06,+3.457286395E+00,+2.332883175E+00
+745.300E-06,+3.457286395E+00,+2.352983678E+00
+746.750E-06,+3.457286395E+00,+2.342933427E+00
+748.200E-06,+3.457286395E+00,+2.332883175E+00
+749.650E-06,+3.457286395E+00,+2.342933427E+00
+751.100E-06,+3.457286395E+00,+2.352983678E+00
+752.550E-06,+3.457286395E+00,+2.352983678E+00
+754.000E-06,+3.376884386E+00,+2.352983678E+00
+755.450E-06,+3.457286395E+00,+2.352983678E+00
+756.900E-06,+3.457286395E+00,+2.352983678E+00
+758.350E-06,+3.457286395E+00,+2.352983678E+00
+759.800E-06,+3.457286395E+00,+2.352983678E+00
+761.250E-06,+3.417085391E+00,+2.352983678E+00
+762.700E-06,+3.457286395E+00,+2.352983678E+00
+764.150E-06,+3.457286395E+00,+2.352983678E+00
+765.600E-06,+3.457286395E+00,+2.373084180E+00
+767.050E-06,+3.457286395E+00,+2.352983678E+00
+768.500E-06,+3.457286395E+00,+2.373084180E+00
+769.950E-06,+3.457286395E+00,+2.373084180E+00
+771.400E-06,+3.457286395E+00,+2.373084180E+00
+772.850E-06,+3.457286395E+00,+2.373084180E+00
+774.300E-06,+3.457286395E+00,+2.373084180E+00
+775.750E-06,+3.417085391E+00,+2.373084180E+00
+777.200E-06,+3.457286395E+00,+2.373084180E+00
+778.650E-06,+3.457286395E+00,+2.373084180E+00
+780.100E-06,+3.457286395E+00,+2.373084180E+00
+781.550E-06,+40.201005E-03,+2.373084180E+00
+783.000E-06,+80.402009E-03,+2.373084180E+00
+784.450E-06,+3.457286395E+00,+2.373084180E+00
+785.900E-06,+3.457286395E+00,+2.373084180E+00
+787.350E-06,+3.457286395E+00,+2.373084180E+00
+788.800E-06,+3.457286395E+00,+2.373084180E+00
+790.250E-06,+3.457286395E+00,+2.383134431E+00
+791.700E-06,+3.457286395E+00,+2.373084180E+00
+793.150E-06,+3.457286395E+00,+2.363033929E+00
+794.600E-06,+3.457286395E+00,+2.373084180E+00
+796.050E-06,+3.457286395E+00,+2.373084180E+00
+797.500E-06,+3.457286395E+00,+2.373084180E+00
+798.950E-06,+3.417085391E+00,+2.383134431E+00
+800.400E-06,+3.457286395E+00,+2.373084180E+00
+801.850E-06,+3.457286395E+00,+2.383134431E+00
+803.300E-06,+3.457286395E+00,+2.393184682E+00
+804.750E-06,+3.457286395E+00,+2.393184682E+00
+806.200E-06,+3.457286395E+00,+2.393184682E+00
+807.650E-06,+3.417085391E+00,+2.393184682E+00
+809.100E-06,+3.457286395E+00,+2.393184682E+00
+810.550E-06,+3.417085391E+00,+2.393184682E+00
+812.000E-06,+3.457286395E+00,+2.393184682E+00
+813.450E-06,+3.457286395E+00,+2.393184682E+00
+814.900E-06,+3.457286395E+00,+2.393184682E+00
+816.350E-06,+3.457286395E+00,+2.393184682E+00
+817.800E-06,+3.457286395E+00,+2.393184682E+00
+819.250E-06,+3.457286395E+00,+2.393184682E+00
+820.700E-06,+3.457286395E+00,+2.413285185E+00
+822.150E-06,+3.457286395E+00,+2.413285185E+00
+823.600E-06,+80.402009E-03,+2.393184682E+00
+825.050E-06,+80.402009E-03,+2.393184682E+00
+826.500E-06,+3.376884386E+00,+2.393184682E+00
+827.950E-06,+3.417085391E+00,+2.393184682E+00
+829.400E-06,+3.376884386E+00,+2.393184682E+00
+830.850E-06,+3.457286395E+00,+2.403234934E+00
+832.300E-06,+3.457286395E+00,+2.393184682E+00
+833.750E-06,+3.417085391E+00,+2.393184682E+00
+835.200E-06,+3.457286395E+00,+2.393184682E+00
+836.650E-06,+3.417085391E+00,+2.413285185E+00
+838.100E-06,+3.376884386E+00,+2.393184682E+00
+839.550E-06,+3.457286395E+00,+2.413285185E+00
+841.000E-06,+3.457286395E+00,+2.413285185E+00
+842.450E-06,+3.457286395E+00,+2.413285185E+00
+843.900E-06,+3.457286395E+00,+2.413285185E+00
+845.350E-06,+3.417085391E+00,+2.413285185E+00
+846.800E-06,+3.457286395E+00,+2.413285185E+00
+848.250E-06,+3.457286395E+00,+2.413285185E+00
+849.700E-06,+3.457286395E+00,+2.413285185E+00
+851.150E-06,+3.457286395E+00,+2.423335436E+00
+852.600E-06,+3.457286395E+00,+2.413285185E+00
+854.050E-06,+3.457286395E+00,+2.413285185E+00
+855.500E-06,+3.376884386E+00,+2.413285185E+00
+856.950E-06,+3.457286395E+00,+2.423335436E+00
+858.400E-06,+3.457286395E+00,+2.413285185E+00
+859.850E-06,+3.457286395E+00,+2.413285185E+00
+861.300E-06,+3.457286395E+00,+2.433385687E+00
+862.750E-06,+3.457286395E+00,+2.433385687E+00
+864.200E-06,+3.376884386E+00,+2.433385687E+00
+865.650E-06,+0.0E+00,+2.423335436E+00
+867.100E-06,+0.0E+00,+2.413285185E+00
+868.550E-06,+3.417085391E+00,+2.423335436E+00
+870.000E-06,+3.457286395E+00,+2.413285185E+00
+871.450E-06,+3.457286395E+00,+2.413285185E+00
+872.900E-06,+3.457286395E+00,+2.413285185E+00
+874.350E-06,+3.457286395E+00,+2.413285185E+00
+875.800E-06,+3.457286395E+00,+2.433385687E+00
+877.250E-06,+3.417085391E+00,+2.423335436E+00
+878.700E-06,+3.376884386E+00,+2.413285185E+00
+880.150E-06,+3.457286395E+00,+2.423335436E+00
+881.600E-06,+3.457286395E+00,+2.433385687E+00
+883.050E-06,+3.457286395E+00,+2.433385687E+00
+884.500E-06,+3.457286395E+00,+2.433385687E+00
+885.950E-06,+3.457286395E+00,+2.433385687E+00
+887.400E-06,+3.457286395E+00,+2.433385687E+00
+888.850E-06,+3.417085391E+00,+2.433385687E+00
+890.300E-06,+3.457286395E+00,+2.433385687E+00
+891.750E-06,+3.417085391E+00,+2.433385687E+00
+893.200E-06,+3.457286395E+00,+2.433385687E+00
+894.650E-06,+3.417085391E+00,+2.433385687E+00
+896.100E-06,+3.457286395E+00,+2.433385687E+00
+897.550E-06,+3.457286395E+00,+2.433385687E+00
+899.000E-06,+3.376884386E+00,+2.453486189E+00
+900.450E-06,+3.457286395E+00,+2.443435938E+00
+901.900E-06,+3.457286395E+00,+2.453486189E+00
+903.350E-06,+3.457286395E+00,+2.453486189E+00
+904.800E-06,+3.457286395E+00,+2.453486189E+00
+906.250E-06,+0.0E+00,+2.433385687E+00
+907.700E-06,+0.0E+00,+2.433385687E+00
+909.150E-06,+40.201005E-03,+2.443435938E+00
+910.600E-06,+0.0E+00,+2.433385687E+00
+912.050E-06,+3.417085391E+00,+2.433385687E+00
+913.500E-06,+3.376884386E+00,+2.433385687E+00
+914.950E-06,+3.417085391E+00,+2.433385687E+00
+916.400E-06,+3.457286395E+00,+2.453486189E+00
+917.850E-06,+3.457286395E+00,+2.433385687E+00
+919.300E-06,+3.376884386E+00,+2.433385687E+00
+920.750E-06,+3.457286395E+00,+2.433385687E+00
+922.200E-06,+3.376884386E+00,+2.453486189E+00
+923.650E-06,+3.457286395E+00,+2.443435938E+00
+925.100E-06,+3.457286395E+00,+2.453486189E+00
+926.550E-06,+3.457286395E+00,+2.453486189E+00
+928.000E-06,+3.457286395E+00,+2.433385687E+00
+929.450E-06,+3.457286395E+00,+2.453486189E+00
+930.900E-06,+3.457286395E+00,+2.453486189E+00
+932.350E-06,+3.457286395E+00,+2.453486189E+00
+933.800E-06,+3.457286395E+00,+2.453486189E+00
+935.250E-06,+3.457286395E+00,+2.453486189E+00
+936.700E-06,+3.457286395E+00,+2.453486189E+00
+938.150E-06,+3.417085391E+00,+2.453486189E+00
+939.600E-06,+3.376884386E+00,+2.453486189E+00
+941.050E-06,+3.457286395E+00,+2.463536440E+00
+942.500E-06,+3.457286395E+00,+2.473586692E+00
+943.950E-06,+3.457286395E+00,+2.463536440E+00
+945.400E-06,+3.457286395E+00,+2.453486189E+00
+946.850E-06,+3.457286395E+00,+2.453486189E+00
+948.300E-06,+0.0E+00,+2.453486189E+00
+949.750E-06,+80.402009E-03,+2.453486189E+00
+951.200E-06,+80.402009E-03,+2.453486189E+00
+952.650E-06,+0.0E+00,+2.453486189E+00
+954.100E-06,+80.402009E-03,+2.493687194E+00
+955.550E-06,+3.457286395E+00,+2.453486189E+00
+957.000E-06,+3.457286395E+00,+2.453486189E+00
+958.450E-06,+3.457286395E+00,+2.453486189E+00
+959.900E-06,+3.457286395E+00,+2.453486189E+00
+961.350E-06,+3.457286395E+00,+2.453486189E+00
+962.800E-06,+3.457286395E+00,+2.453486189E+00
+964.250E-06,+3.457286395E+00,+2.453486189E+00
+965.700E-06,+3.457286395E+00,+2.453486189E+00
+967.150E-06,+3.457286395E+00,+2.453486189E+00
+968.600E-06,+3.457286395E+00,+2.453486189E+00
+970.050E-06,+3.417085391E+00,+2.463536440E+00
+971.500E-06,+3.457286395E+00,+2.473586692E+00
+972.950E-06,+3.457286395E+00,+2.463536440E+00
+974.400E-06,+3.457286395E+00,+2.473586692E+00
+975.850E-06,+3.417085391E+00,+2.473586692E+00
+977.300E-06,+3.457286395E+00,+2.473586692E+00
+978.750E-06,+3.457286395E+00,+2.473586692E+00
+980.200E-06,+3.457286395E+00,+2.473586692E+00
+981.650E-06,+3.457286395E+00,+2.473586692E+00
+983.100E-06,+3.376884386E+00,+2.453486189E+00
+984.550E-06,+3.457286395E+00,+2.463536440E+00
+986.000E-06,+3.457286395E+00,+2.473586692E+00
+987.450E-06,+3.457286395E+00,+2.473586692E+00
+988.900E-06,+3.376884386E+00,+2.473586692E+00
+990.350E-06,+80.402009E-03,+2.473586692E+00
+991.800E-06,+80.402009E-03,+2.473586692E+00
+993.250E-06,+0.0E+00,+2.453486189E+00
+994.700E-06,+80.402009E-03,+2.473586692E+00
+996.150E-06,+40.201005E-03,+2.463536440E+00
+997.600E-06,+3.457286395E+00,+2.453486189E+00
+999.050E-06,+3.497487400E+00,+2.473586692E+00
+1.000500E-03,+3.457286395E+00,+2.453486189E+00
+1.001950E-03,+3.457286395E+00,+2.463536440E+00
+1.003400E-03,+3.457286395E+00,+2.473586692E+00
+1.004850E-03,+3.457286395E+00,+2.473586692E+00
+1.006300E-03,+3.457286395E+00,+2.453486189E+00
+1.007750E-03,+3.457286395E+00,+2.473586692E+00
+1.009200E-03,+3.457286395E+00,+2.473586692E+00
+1.010650E-03,+3.457286395E+00,+2.473586692E+00
+1.012100E-03,+3.457286395E+00,+2.473586692E+00
+1.013550E-03,+3.457286395E+00,+2.473586692E+00
+1.015000E-03,+3.457286395E+00,+2.473586692E+00
+1.016450E-03,+3.457286395E+00,+2.493687194E+00
+1.017900E-03,+3.457286395E+00,+2.473586692E+00
+1.019350E-03,+3.457286395E+00,+2.493687194E+00
+1.020800E-03,+3.457286395E+00,+2.473586692E+00
+1.022250E-03,+3.457286395E+00,+2.483636943E+00
+1.023700E-03,+3.457286395E+00,+2.473586692E+00
+1.025150E-03,+3.457286395E+00,+2.493687194E+00
+1.026600E-03,+3.457286395E+00,+2.493687194E+00
+1.028050E-03,+3.417085391E+00,+2.493687194E+00
+1.029500E-03,+3.457286395E+00,+2.493687194E+00
+1.030950E-03,+3.417085391E+00,+2.493687194E+00
+1.032400E-03,+80.402009E-03,+2.493687194E+00
+1.033850E-03,+80.402009E-03,+2.483636943E+00
+1.035300E-03,+80.402009E-03,+2.473586692E+00
+1.036750E-03,+0.0E+00,+2.473586692E+00
+1.038200E-03,+0.0E+00,+2.473586692E+00
+1.039650E-03,+0.0E+00,+2.473586692E+00
+1.041100E-03,+3.457286395E+00,+2.473586692E+00
+1.042550E-03,+3.457286395E+00,+2.473586692E+00
+1.044000E-03,+3.457286395E+00,+2.473586692E+00
+1.045450E-03,+3.457286395E+00,+2.473586692E+00
+1.046900E-03,+3.457286395E+00,+2.473586692E+00
+1.048350E-03,+3.457286395E+00,+2.493687194E+00
+1.049800E-03,+3.457286395E+00,+2.473586692E+00
+1.051250E-03,+3.457286395E+00,+2.473586692E+00
+1.052700E-03,+3.457286395E+00,+2.493687194E+00
+1.054150E-03,+3.457286395E+00,+2.483636943E+00
+1.055600E-03,+3.457286395E+00,+2.493687194E+00
+1.057050E-03,+3.457286395E+00,+2.483636943E+00
+1.058500E-03,+3.457286395E+00,+2.473586692E+00
+1.059950E-03,+3.457286395E+00,+2.493687194E+00
+1.061400E-03,+3.457286395E+00,+2.493687194E+00
+1.062850E-03,+3.457286395E+00,+2.483636943E+00
+1.064300E-03,+3.457286395E+00,+2.493687194E+00
+1.065750E-03,+3.457286395E+00,+2.493687194E+00
+1.067200E-03,+3.457286395E+00,+2.493687194E+00
+1.068650E-03,+3.457286395E+00,+2.493687194E+00
+1.070100E-03,+3.457286395E+00,+2.493687194E+00
+1.071550E-03,+3.417085391E+00,+2.493687194E+00
+1.073000E-03,+3.457286395E+00,+2.493687194E+00
+1.074450E-03,+40.201005E-03,+2.493687194E+00
+1.075900E-03,+80.402009E-03,+2.493687194E+00
+1.077350E-03,+80.402009E-03,+2.493687194E+00
+1.078800E-03,+0.0E+00,+2.493687194E+00
+1.080250E-03,+40.201005E-03,+2.493687194E+00
+1.081700E-03,+80.402009E-03,+2.473586692E+00
+1.083150E-03,+3.457286395E+00,+2.483636943E+00
+1.084600E-03,+3.457286395E+00,+2.473586692E+00
+1.086050E-03,+3.417085391E+00,+2.483636943E+00
+1.087500E-03,+3.457286395E+00,+2.473586692E+00
+1.088950E-03,+3.417085391E+00,+2.493687194E+00
+1.090400E-03,+3.457286395E+00,+2.493687194E+00
+1.091850E-03,+3.417085391E+00,+2.493687194E+00
+1.093300E-03,+3.457286395E+00,+2.473586692E+00
+1.094750E-03,+3.457286395E+00,+2.493687194E+00
+1.096200E-03,+3.457286395E+00,+2.493687194E+00
+1.097650E-03,+3.457286395E+00,+2.493687194E+00
+1.099100E-03,+3.457286395E+00,+2.493687194E+00
+1.100550E-03,+3.457286395E+00,+2.493687194E+00
+1.102000E-03,+3.457286395E+00,+2.493687194E+00
+1.103450E-03,+3.457286395E+00,+2.493687194E+00
+1.104900E-03,+3.457286395E+00,+2.493687194E+00
+1.106350E-03,+3.457286395E+00,+2.493687194E+00
+1.107800E-03,+3.457286395E+00,+2.493687194E+00
+1.109250E-03,+3.457286395E+00,+2.493687194E+00
+1.110700E-03,+3.457286395E+00,+2.493687194E+00
+1.112150E-03,+3.457286395E+00,+2.493687194E+00
+1.113600E-03,+3.457286395E+00,+2.513787696E+00
+1.115050E-03,-201.005023E-03,+2.523837947E+00
+1.116500E-03,+0.0E+00,+2.513787696E+00
+1.117950E-03,+80.402009E-03,+2.493687194E+00
+1.119400E-03,+0.0E+00,+2.493687194E+00
+1.120850E-03,+0.0E+00,+2.493687194E+00
+1.122300E-03,+0.0E+00,+2.473586692E+00
+1.123750E-03,+40.201005E-03,+2.483636943E+00
+1.125200E-03,+80.402009E-03,+2.493687194E+00
+1.126650E-03,+3.417085391E+00,+2.473586692E+00
+1.128100E-03,+3.457286395E+00,+2.473586692E+00
+1.129550E-03,+3.457286395E+00,+2.493687194E+00
+1.131000E-03,+3.457286395E+00,+2.493687194E+00
+1.132450E-03,+3.457286395E+00,+2.493687194E+00
+1.133900E-03,+3.457286395E+00,+2.493687194E+00
+1.135350E-03,+3.457286395E+00,+2.473586692E+00
+1.136800E-03,+3.457286395E+00,+2.493687194E+00
+1.138250E-03,+3.457286395E+00,+2.493687194E+00
+1.139700E-03,+3.457286395E+00,+2.493687194E+00
+1.141150E-03,+3.457286395E+00,+2.493687194E+00
+1.142600E-03,+3.457286395E+00,+2.493687194E+00
+1.144050E-03,+3.457286395E+00,+2.493687194E+00
+1.145500E-03,+3.457286395E+00,+2.493687194E+00
+1.146950E-03,+3.457286395E+00,+2.493687194E+00
+1.148400E-03,+3.457286395E+00,+2.513787696E+00
+1.149850E-03,+3.457286395E+00,+2.503737445E+00
+1.151300E-03,+3.457286395E+00,+2.493687194E+00
+1.152750E-03,+3.457286395E+00,+2.493687194E+00
+1.154200E-03,+3.457286395E+00,+2.513787696E+00
+1.155650E-03,+3.457286395E+00,+2.493687194E+00
+1.157100E-03,+0.0E+00,+2.493687194E+00
+1.158550E-03,+0.0E+00,+2.493687194E+00
+1.160000E-03,+80.402009E-03,+2.493687194E+00
+1.161450E-03,+0.0E+00,+2.493687194E+00
+1.162900E-03,+0.0E+00,+2.473586692E+00
+1.164350E-03,+40.201005E-03,+2.483636943E+00
+1.165800E-03,+80.402009E-03,+2.493687194E+00
+1.167250E-03,+40.201005E-03,+2.493687194E+00
+1.168700E-03,+3.457286395E+00,+2.473586692E+00
+1.170150E-03,+3.457286395E+00,+2.483636943E+00
+1.171600E-03,+3.457286395E+00,+2.473586692E+00
+1.173050E-03,+3.457286395E+00,+2.493687194E+00
+1.174500E-03,+3.457286395E+00,+2.493687194E+00
+1.175950E-03,+3.417085391E+00,+2.493687194E+00
+1.177400E-03,+3.457286395E+00,+2.493687194E+00
+1.178850E-03,+3.457286395E+00,+2.493687194E+00
+1.180300E-03,+3.457286395E+00,+2.493687194E+00
+1.181750E-03,+3.457286395E+00,+2.493687194E+00
+1.183200E-03,+3.457286395E+00,+2.493687194E+00
+1.184650E-03,+3.417085391E+00,+2.493687194E+00
+1.186100E-03,+3.376884386E+00,+2.493687194E+00
+1.187550E-03,+3.457286395E+00,+2.493687194E+00
+1.189000E-03,+3.457286395E+00,+2.493687194E+00
+1.190450E-03,+3.457286395E+00,+2.503737445E+00
+1.191900E-03,+3.457286395E+00,+2.493687194E+00
+1.193350E-03,+3.417085391E+00,+2.513787696E+00
+1.194800E-03,+3.457286395E+00,+2.493687194E+00
+1.196250E-03,+3.457286395E+00,+2.493687194E+00
+1.197700E-03,+3.376884386E+00,+2.493687194E+00
+1.199150E-03,+0.0E+00,+2.493687194E+00
+1.200600E-03,+0.0E+00,+2.493687194E+00
+1.202050E-03,+40.201005E-03,+2.493687194E+00
+1.203500E-03,+80.402009E-03,+2.493687194E+00
+1.204950E-03,+40.201005E-03,+2.493687194E+00
+1.206400E-03,+0.0E+00,+2.473586692E+00
+1.207850E-03,+0.0E+00,+2.483636943E+00
+1.209300E-03,+0.0E+00,+2.493687194E+00
+1.210750E-03,+40.201005E-03,+2.473586692E+00
+1.212200E-03,+3.457286395E+00,+2.473586692E+00
+1.213650E-03,+3.457286395E+00,+2.473586692E+00
+1.215100E-03,+3.457286395E+00,+2.493687194E+00
+1.216550E-03,+3.417085391E+00,+2.483636943E+00
+1.218000E-03,+3.457286395E+00,+2.473586692E+00
+1.219450E-03,+3.417085391E+00,+2.493687194E+00
+1.220900E-03,+3.457286395E+00,+2.493687194E+00
+1.222350E-03,+3.457286395E+00,+2.483636943E+00
+1.223800E-03,+3.457286395E+00,+2.473586692E+00
+1.225250E-03,+3.417085391E+00,+2.493687194E+00
+1.226700E-03,+3.457286395E+00,+2.473586692E+00
+1.228150E-03,+3.417085391E+00,+2.493687194E+00
+1.229600E-03,+3.457286395E+00,+2.493687194E+00
+1.231050E-03,+3.457286395E+00,+2.493687194E+00
+1.232500E-03,+3.457286395E+00,+2.493687194E+00
+1.233950E-03,+3.457286395E+00,+2.493687194E+00
+1.235400E-03,+3.457286395E+00,+2.493687194E+00
+1.236850E-03,+3.457286395E+00,+2.493687194E+00
+1.238300E-03,+3.457286395E+00,+2.513787696E+00
+1.239750E-03,+3.457286395E+00,+2.493687194E+00
+1.241200E-03,+80.402009E-03,+2.493687194E+00
+1.242650E-03,+40.201005E-03,+2.483636943E+00
+1.244100E-03,+80.402009E-03,+2.493687194E+00
+1.245550E-03,+0.0E+00,+2.483636943E+00
+1.247000E-03,+0.0E+00,+2.473586692E+00
+1.248450E-03,+80.402009E-03,+2.483636943E+00
+1.249900E-03,+0.0E+00,+2.473586692E+00
+1.251350E-03,+40.201005E-03,+2.483636943E+00
+1.252800E-03,+0.0E+00,+2.473586692E+00
+1.254250E-03,+2.733668313E+00,+2.473586692E+00
+1.255700E-03,+3.457286395E+00,+2.473586692E+00
+1.257150E-03,+3.457286395E+00,+2.473586692E+00
+1.258600E-03,+3.376884386E+00,+2.453486189E+00
+1.260050E-03,+3.417085391E+00,+2.473586692E+00
+1.261500E-03,+3.457286395E+00,+2.473586692E+00
+1.262950E-03,+3.457286395E+00,+2.473586692E+00
+1.264400E-03,+3.376884386E+00,+2.473586692E+00
+1.265850E-03,+3.417085391E+00,+2.483636943E+00
+1.267300E-03,+3.457286395E+00,+2.473586692E+00
+1.268750E-03,+3.457286395E+00,+2.473586692E+00
+1.270200E-03,+3.457286395E+00,+2.473586692E+00
+1.271650E-03,+3.457286395E+00,+2.483636943E+00
+1.273100E-03,+3.457286395E+00,+2.493687194E+00
+1.274550E-03,+3.417085391E+00,+2.483636943E+00
+1.276000E-03,+3.457286395E+00,+2.493687194E+00
+1.277450E-03,+3.457286395E+00,+2.493687194E+00
+1.278900E-03,+3.457286395E+00,+2.493687194E+00
+1.280350E-03,+3.457286395E+00,+2.493687194E+00
+1.281800E-03,+80.402009E-03,+2.493687194E+00
+1.283250E-03,+80.402009E-03,+2.483636943E+00
+1.284700E-03,+0.0E+00,+2.493687194E+00
+1.286150E-03,+40.201005E-03,+2.473586692E+00
+1.287600E-03,+80.402009E-03,+2.473586692E+00
+1.289050E-03,+40.201005E-03,+2.473586692E+00
+1.290500E-03,+80.402009E-03,+2.473586692E+00
+1.291950E-03,+0.0E+00,+2.473586692E+00
+1.293400E-03,+0.0E+00,+2.453486189E+00
+1.294850E-03,+80.402009E-03,+2.453486189E+00
+1.296300E-03,+0.0E+00,+2.473586692E+00
+1.297750E-03,+3.457286395E+00,+2.463536440E+00
+1.299200E-03,+3.457286395E+00,+2.453486189E+00
+1.300650E-03,+3.457286395E+00,+2.463536440E+00
+1.302100E-03,+3.457286395E+00,+2.453486189E+00
+1.303550E-03,+3.417085391E+00,+2.463536440E+00
+1.305000E-03,+3.457286395E+00,+2.473586692E+00
+1.306450E-03,+3.457286395E+00,+2.453486189E+00
+1.307900E-03,+3.376884386E+00,+2.453486189E+00
+1.309350E-03,+3.417085391E+00,+2.463536440E+00
+1.310800E-03,+3.457286395E+00,+2.453486189E+00
+1.312250E-03,+3.457286395E+00,+2.473586692E+00
+1.313700E-03,+3.457286395E+00,+2.473586692E+00
+1.315150E-03,+3.457286395E+00,+2.473586692E+00
+1.316600E-03,+3.457286395E+00,+2.473586692E+00
+1.318050E-03,+3.457286395E+00,+2.473586692E+00
+1.319500E-03,+3.457286395E+00,+2.473586692E+00
+1.320950E-03,+3.457286395E+00,+2.473586692E+00
+1.322400E-03,+3.457286395E+00,+2.493687194E+00
+1.323850E-03,+40.201005E-03,+2.473586692E+00
+1.325300E-03,+80.402009E-03,+2.473586692E+00
+1.326750E-03,+40.201005E-03,+2.463536440E+00
+1.328200E-03,+0.0E+00,+2.473586692E+00
+1.329650E-03,+0.0E+00,+2.473586692E+00
+1.331100E-03,+80.402009E-03,+2.453486189E+00
+1.332550E-03,+40.201005E-03,+2.453486189E+00
+1.334000E-03,+0.0E+00,+2.453486189E+00
+1.335450E-03,+0.0E+00,+2.453486189E+00
+1.336900E-03,+0.0E+00,+2.453486189E+00
+1.338350E-03,+0.0E+00,+2.453486189E+00
+1.339800E-03,+80.402009E-03,+2.433385687E+00
+1.341250E-03,+3.417085391E+00,+2.433385687E+00
+1.342700E-03,+3.457286395E+00,+2.453486189E+00
+1.344150E-03,+3.417085391E+00,+2.453486189E+00
+1.345600E-03,+3.457286395E+00,+2.453486189E+00
+1.347050E-03,+3.417085391E+00,+2.453486189E+00
+1.348500E-03,+3.457286395E+00,+2.453486189E+00
+1.349950E-03,+3.457286395E+00,+2.453486189E+00
+1.351400E-03,+3.457286395E+00,+2.453486189E+00
+1.352850E-03,+3.457286395E+00,+2.453486189E+00
+1.354300E-03,+3.457286395E+00,+2.453486189E+00
+1.355750E-03,+3.457286395E+00,+2.453486189E+00
+1.357200E-03,+3.457286395E+00,+2.453486189E+00
+1.358650E-03,+3.457286395E+00,+2.453486189E+00
+1.360100E-03,+3.376884386E+00,+2.453486189E+00
+1.361550E-03,+3.457286395E+00,+2.453486189E+00
+1.363000E-03,+3.457286395E+00,+2.453486189E+00
+1.364450E-03,+3.457286395E+00,+2.453486189E+00
+1.365900E-03,+0.0E+00,+2.453486189E+00
+1.367350E-03,+0.0E+00,+2.453486189E+00
+1.368800E-03,+0.0E+00,+2.453486189E+00
+1.370250E-03,+40.201005E-03,+2.453486189E+00
+1.371700E-03,+80.402009E-03,+2.453486189E+00
+1.373150E-03,+40.201005E-03,+2.443435938E+00
+1.374600E-03,+0.0E+00,+2.433385687E+00
+1.376050E-03,+0.0E+00,+2.433385687E+00
+1.377500E-03,+0.0E+00,+2.433385687E+00
+1.378950E-03,+0.0E+00,+2.433385687E+00
+1.380400E-03,+80.402009E-03,+2.433385687E+00
+1.381850E-03,+40.201005E-03,+2.433385687E+00
+1.383300E-03,+3.457286395E+00,+2.433385687E+00
+1.384750E-03,+3.457286395E+00,+2.433385687E+00
+1.386200E-03,+3.457286395E+00,+2.433385687E+00
+1.387650E-03,+3.457286395E+00,+2.433385687E+00
+1.389100E-03,+3.457286395E+00,+2.433385687E+00
+1.390550E-03,+3.457286395E+00,+2.433385687E+00
+1.392000E-03,+3.457286395E+00,+2.453486189E+00
+1.393450E-03,+3.457286395E+00,+2.433385687E+00
+1.394900E-03,+3.457286395E+00,+2.433385687E+00
+1.396350E-03,+3.457286395E+00,+2.433385687E+00
+1.397800E-03,+3.457286395E+00,+2.433385687E+00
+1.399250E-03,+3.457286395E+00,+2.433385687E+00
+1.400700E-03,+3.376884386E+00,+2.433385687E+00
+1.402150E-03,+3.417085391E+00,+2.453486189E+00
+1.403600E-03,+3.457286395E+00,+2.433385687E+00
+1.405050E-03,+3.457286395E+00,+2.443435938E+00
+1.406500E-03,+3.457286395E+00,+2.453486189E+00
+1.407950E-03,+0.0E+00,+2.433385687E+00
+1.409400E-03,+0.0E+00,+2.433385687E+00
+1.410850E-03,+0.0E+00,+2.433385687E+00
+1.412300E-03,+0.0E+00,+2.433385687E+00
+1.413750E-03,+40.201005E-03,+2.433385687E+00
+1.415200E-03,+0.0E+00,+2.433385687E+00
+1.416650E-03,+40.201005E-03,+2.423335436E+00
+1.418100E-03,+0.0E+00,+2.413285185E+00
+1.419550E-03,+40.201005E-03,+2.423335436E+00
+1.421000E-03,+80.402009E-03,+2.413285185E+00
+1.422450E-03,+0.0E+00,+2.413285185E+00
+1.423900E-03,+0.0E+00,+2.413285185E+00
+1.425350E-03,+40.201005E-03,+2.413285185E+00
+1.426800E-03,+3.457286395E+00,+2.413285185E+00
+1.428250E-03,+3.457286395E+00,+2.403234934E+00
+1.429700E-03,+3.457286395E+00,+2.413285185E+00
+1.431150E-03,+3.457286395E+00,+2.413285185E+00
+1.432600E-03,+3.457286395E+00,+2.413285185E+00
+1.434050E-03,+3.457286395E+00,+2.423335436E+00
+1.435500E-03,+3.457286395E+00,+2.413285185E+00
+1.436950E-03,+3.457286395E+00,+2.413285185E+00
+1.438400E-03,+3.457286395E+00,+2.413285185E+00
+1.439850E-03,+3.457286395E+00,+2.423335436E+00
+1.441300E-03,+3.457286395E+00,+2.413285185E+00
+1.442750E-03,+3.457286395E+00,+2.423335436E+00
+1.444200E-03,+3.457286395E+00,+2.413285185E+00
+1.445650E-03,+3.457286395E+00,+2.433385687E+00
+1.447100E-03,+3.376884386E+00,+2.433385687E+00
+1.448550E-03,+40.201005E-03,+2.413285185E+00
